CMTE_ID,CMTE_NM,OFFICE_SEGMENT,PTY_GROUP,IMBALANCE_SCORE,GRIDLOCK_PROPENSITY,TOTAL_DEM_DISB,TOTAL_REP_DISB,TOTAL_OTHER_DISB,TOTAL_PARTISAN_DISB,TTL_RECEIPTS,TTL_DISBURSEMENTS,IND_EXPEND,TTL_CONTRIB_TO_OTHER_CMTE,PTY_COORD_EXPEND,CMTE_TP,CMTE_DSGN,CVG_END_DT
C00473918,WOMEN VOTE,OTHER,BIPARTISAN,0.15606063365227346,0.0,22383938.0,30662380.0,14905070.0,53046318.0,32504380.87,26409657.61,,,,O,U,
C00479824,KEEP LIVINGSTON GREAT,OTHER,REP,1.0,0.0,0.0,23612.0,0.0,23612.0,165.24,11822.88,,,,O,U,
C00483693,SIERRA CLUB INDEPENDENT ACTION,OTHER,DEM,0.9498275778328233,0.0,80290.0,2066.0,2794.0,82356.0,787317.99,41336.14,,,,O,B,
C00483883,RETIRED AMERICANS PAC,OTHER,BIPARTISAN,0.2606957541762827,0.0,3095804.0,5279108.0,800000.0,8374912.0,10615832.14,4187460.44,,,,O,U,
C00486845,LCV VICTORY FUND,OTHER,BIPARTISAN,0.4613174995505922,0.0,72194788.0,26613018.0,30782410.0,98807806.0,84323489.3,46685018.06,,,,O,U,
C00487363,AMERICAN CROSSROADS,OTHER,DEM,0.9928856149798352,0.0,120106178.0,428766.0,1300000.0,120534944.0,62899589.74,60267523.21,,,,O,U,
C00487470,CLUB FOR GROWTH ACTION,OTHER,BIPARTISAN,0.41301613744013016,0.0,10961862.0,26387928.0,59217365.0,37349790.0,88619558.43,18476694.08,,,,O,U,
C00487827,BLUE AMERICA PAC INDEPENDENT EXPENDITURE COMMITTEE,OTHER,DEM,1.0,0.0,5622.0,0.0,0.0,5622.0,5657.46,2816.41,,,,O,U,
C00488338,ADPAC INDEPENDENT EXPENDITURES COMMITTEE,OTHER,REP,1.0,0.0,0.0,194832.0,181191.0,194832.0,181806.3,97417.12,,,,O,B,
C00488403,TEXAS PATRIOTS PAC,OTHER,REP,1.0,0.0,0.0,1292.0,15200.0,1292.0,28808.01,650.28,,,,O,U,
C00488486,COMMUNICATIONS WORKERS OF AMERICA - WORKING VOICES,OTHER,DEM,0.9879403989756217,0.0,867074.0,5260.0,11135020.0,872334.0,15145982.29,436168.95,,,,O,B,
C00488494,NEW PROSPERITY FOUNDATION; THE,OTHER,DEM,1.0,0.0,16000.0,0.0,0.0,16000.0,150013.13,8000.0,,,,O,U,
C00488742,NATIONAL ASSOCIATION OF REALTORS CONGRESSIONAL FUND,OTHER,BIPARTISAN,0.05924325703044939,0.0,10578120.0,11910414.0,7662364.0,22488534.0,20077753.89,11750451.66,,,,O,B,
C00489252,NEW POWER PAC,OTHER,DEM,1.0,0.0,1222.0,0.0,0.0,1222.0,91553.14,614.89,,,,O,U,
C00490375,NATIONAL NURSES UNITED FOR PATIENT PROTECTION,OTHER,DEM,1.0,0.0,22207934.0,0.0,385412.0,22207934.0,10820000.0,9510616.89,,,,O,B,
C00492116,COOPERATIVE OF AMERICAN PHYSICIANS INDEPENDENT EXPENDITURE COMMITTEE,OTHER,DEM,0.8573903866859665,0.0,260486.0,20000.0,20000.0,280486.0,752064.0,150244.1,,,,O,U,
C00508440,HUMAN RIGHTS CAMPAIGN EQUALITY VOTES,OTHER,DEM,0.8858774211698023,0.0,2714994.0,164296.0,50332.0,2879290.0,2070138.25,1437320.66,,,,O,U,
C00509463,PROTECTING OUR VOTE PAC,OTHER,DEM,1.0,0.0,72396.0,0.0,0.0,72396.0,205255.0,36204.0,,,,O,B,
C00509893,NATIONAL RIGHT TO LIFE VICTORY FUND,OTHER,REP,0.9984632471587536,0.0,440.0,572196.0,472.0,572636.0,600258.06,286596.43,,,,O,U,
C00514125,THE AMERICAN FOUNDATIONS COMMITTEE,OTHER,REP,1.0,0.0,0.0,4788674.0,20000.0,4788674.0,2587500.0,2394348.85,,,,O,U,
C00519363,NATIONAL HORIZON,OTHER,DEM,1.0,0.0,2000000.0,0.0,500000.0,2000000.0,1600000.0,950000.0,,,,O,U,
C00521013,FLORIDA FREEDOM PAC,OTHER,BIPARTISAN,0.6061063065761564,0.0,461134.0,113092.0,50000.0,574226.0,167931.58,287122.91,,,,O,U,
C00521211,SPIRIT OF DEMOCRACY AMERICA,OTHER,REP,1.0,0.0,0.0,12000.0,0.0,12000.0,21500.0,6000.0,,,,O,U,
C00523241,SPECIAL OPERATIONS FOR AMERICA,OTHER,REP,1.0,0.0,0.0,1252766.0,125000.0,1252766.0,5149297.31,676383.0,,,,O,U,
C00523498,COURAGE CALIFORNIA SUPER PAC,OTHER,DEM,0.9975332328354118,0.0,29152.0,36.0,26308.0,29188.0,48883.0,11190.04,,,,O,U,
C00523621,UNITED WE CAN,OTHER,DEM,0.9204702586457836,0.0,5442968.0,225402.0,1934250.0,5668370.0,4136976.78,2466643.07,,,,O,U,
C00524181,SENATE CONSERVATIVES ACTION,OTHER,REP,1.0,0.0,0.0,2173136.0,250000.0,2173136.0,2338825.88,1086612.37,,,,O,U,
C00527226,WE VOTE - NOSOTROS VOTAMOS - PPAMM COMMITTEE,OTHER,DEM,1.0,0.0,28.0,0.0,15172.0,28.0,536700.65,27.31,,,,O,U,
C00528554,RJC VICTORY FUND,OTHER,BIPARTISAN,0.7377533911859646,0.0,22689992.0,3424176.0,3491058.0,26114168.0,17018627.15,13344390.75,,,,O,U,
C00528901,HOMETOWN FREEDOM ACTION NETWORK,OTHER,REP,1.0,0.0,0.0,91914.0,12000.0,91914.0,250269.73,45961.64,,,,O,U,
C00530766,WOMEN SPEAK OUT PAC,OTHER,BIPARTISAN,0.5045235978474534,0.0,10536260.0,3469848.0,6308.0,14006108.0,11938802.4,7003104.0,,,,O,U,
C00531624,LOCAL VOICES,OTHER,DEM,1.0,0.0,1613344.0,0.0,0.0,1613344.0,957560.23,761674.76,,,,O,U,
C00531814,ENVIRONMENT AMERICA ACTION FUND,OTHER,BIPARTISAN,0.7194074912727616,0.0,18224.0,2974.0,0.0,21198.0,4372397.1,10609.13,,,,O,U,
C00532630,OUR AMERICAN CENTURY,OTHER,BIPARTISAN,0.4774011299435028,0.0,1046000.0,370000.0,394500.0,1416000.0,1527775.0,905250.0,,,,O,U,
C00540203,DEFENDING MAIN STREET SUPERPAC INC.,OTHER,BIPARTISAN,0.23627957499748325,0.0,4973596.0,3072474.0,2358980.0,8046070.0,4610383.61,4505033.15,,,,O,U,
C00540898,TEA PARTY PATRIOTS CITIZENS FUND,OTHER,REP,1.0,0.0,0.0,1231140.0,0.0,1231140.0,2018450.5,615578.62,,,,O,U,
C00544551,HEARTLAND RESURGENCE,OTHER,NON_PARTISAN,0.0,0.0,0.0,0.0,4280998.0,0.0,2711050.0,2140500.03,,,,O,U,
C00556274,USW WORKS,OTHER,DEM,1.0,0.0,107132.0,0.0,2110000.0,107132.0,1790647.39,53583.18,,,,O,B,
C00556860,PLANNED PARENTHOOD AFFILIATES OF CALIFORNIA VOTES PAC,OTHER,BIPARTISAN,0.20789007756777128,0.0,1743468.0,2658618.0,52037.0,4402086.0,2769047.53,2095839.67,,,,O,U,
C00559906,AMERICAS PAC,OTHER,BIPARTISAN,0.6710141305757569,0.0,4225968.0,832000.0,0.0,5057968.0,4016849.01,2528984.5,,,,O,U,
C00567396,CHANGE CAMPAIGN SUPER PAC,OTHER,DEM,1.0,0.0,40000.0,0.0,0.0,40000.0,21933.72,20000.0,,,,O,U,
C00568444,CENTER FORWARD COMMITTEE,OTHER,DEM,1.0,0.0,1700000.0,0.0,0.0,1700000.0,999528.56,850000.0,,,,O,B,
C00568931,MI PLANNED PARENTHOOD VOTES,OTHER,BIPARTISAN,0.14924243364314344,0.0,926140.0,685600.0,0.0,1611740.0,813761.31,798283.66,,,,O,U,
C00568964,LIUNA BUILDING AMERICA,OTHER,BIPARTISAN,0.6,0.0,320000.0,80000.0,5117659.0,400000.0,5445839.66,200000.0,,,,O,U,
C00571588,RESTORATION PAC,OTHER,DEM,0.9469498832902362,0.0,83718514.0,2281146.0,39922549.0,85999660.0,91002654.71,42999847.59,,,,O,U,
C00573733,SECURITY IS STRENGTH PAC,OTHER,REP,1.0,0.0,0.0,227380.0,0.0,227380.0,736048.8,113690.75,,,,O,U,
C00574749,CONSERVATIVES FOR EFFECTIVE GOVERNMENT,OTHER,REP,1.0,0.0,0.0,2636588.0,0.0,2636588.0,1375992.72,1318294.55,,,,O,U,
C00587022,COURAGEOUS CONSERVATIVES PAC,OTHER,REP,1.0,0.0,0.0,326100.0,350823.0,326100.0,268853.68,228736.51,,,,O,U,
C00592303,OREGON RIGHT TO LIFE VICTORY PAC,OTHER,BIPARTISAN,0.06036043125836153,0.0,13474.0,11940.0,22568.0,25414.0,184229.13,32556.3,,,,O,U,
C00594507,MIDDLE CLASS VALUES PAC,OTHER,DEM,1.0,0.0,47976.0,0.0,0.0,47976.0,25010.0,23988.24,,,,O,U,
C00609388,BLACKPAC,OTHER,DEM,0.9508514520840571,0.0,57403168.0,1446180.0,5833338.0,58849348.0,34730788.88,29393201.45,,,,O,U,
C00612820,COMMUNITY CHANGE VOTERS,OTHER,DEM,0.9220338684280814,0.0,5015680.0,203458.0,340000.0,5219138.0,4592032.71,2562576.47,,,,O,U,
C00620971,FOR OUR FUTURE,OTHER,DEM,0.9188831949119848,0.0,22178120.0,937534.0,1086258.0,23115654.0,12401852.71,11308766.16,,,,O,U,
C00621755,PEOPLE AND POLITICS,OTHER,REP,1.0,0.0,0.0,1000.0,0.0,1000.0,2106.17,500.0,,,,O,U,
C00625137,CITZENS FOR AMERICAN ENERGY FEDERAL PAC,OTHER,NON_PARTISAN,0.0,0.0,0.0,0.0,27500.0,0.0,25000.0,20000.0,,,,O,U,
C00626036,GRASSROOTS NORTH SHORE,OTHER,DEM,1.0,0.0,8396.0,0.0,1100.0,8396.0,9545.49,1496.42,,,,O,U,
C00627141,UNITED FOR PROGRESS PAC,OTHER,DEM,1.0,0.0,648.0,0.0,0.0,648.0,156802.06,324.0,,,,O,U,
C00628115,MISSOURI RIGHT TO LIFE VICTORY FUND,OTHER,REP,1.0,0.0,0.0,18784.0,0.0,18784.0,905.61,9392.0,,,,O,U,
C00629477,ULTRAVIOLET PAC,OTHER,DEM,1.0,0.0,245802.0,0.0,0.0,245802.0,135720.81,98901.28,,,,O,U,
C00631549,FORWARD MAJORITY ACTION,OTHER,DEM,1.0,0.0,3527230.0,0.0,1075000.0,3527230.0,38140024.31,1763615.0,,,,O,U,
C00631903,PA VALUES,OTHER,REP,1.0,0.0,0.0,96000.0,0.0,96000.0,325580.2,48000.0,,,,O,U,
C00634261,DEFEND US PAC,OTHER,DEM,1.0,0.0,2402000.0,0.0,7000.0,2402000.0,1617187.6,1201000.0,,,,O,U,
C00637041,FUND FOR A WORKING CONGRESS,OTHER,DEM,1.0,0.0,70000.0,0.0,0.0,70000.0,225000.0,35000.0,,,,O,U,
C00638528,LOUISIANA LEGACY PAC,OTHER,REP,1.0,0.0,0.0,44780.0,25000.0,44780.0,1303204.62,22390.0,,,,O,U,
C00639708,ASSOCIATION FOR FIREFIGHTERS PAC DBA ASSOCIATION FOR FIREFIGHTERS,OTHER,REP,1.0,0.0,0.0,8176.0,0.0,8176.0,26602.87,4088.0,,,,O,U,
C00640300,ACTIVATE AMERICA,OTHER,BIPARTISAN,0.6565708772655227,0.0,192308.0,39868.0,6255.0,232176.0,1523364.84,110841.62,,,,O,U,
C00650432,"DEMOCRATS WORK FOR AMERICA, INC",OTHER,DEM,1.0,0.0,17874.0,0.0,0.0,17874.0,55800.67,10578.09,,,,O,U,
C00657866,PROTECT FREEDOM POLITICAL ACTION COMMITTEE,OTHER,REP,0.9781676525608961,0.0,200000.0,18121438.0,1400000.0,18321438.0,19599051.34,9160728.55,,,,O,U,
C00659219,AMERICAN JOBS AND GROWTH PAC,OTHER,BIPARTISAN,0.45377034658398846,0.0,98660.0,262580.0,18000.0,361240.0,1536588.85,156604.25,,,,O,U,
C00671685,AUTISM HEAR US NOW PAC,OTHER,BIPARTISAN,0.006467753209962842,0.0,273568.0,270052.0,0.0,543620.0,889600.01,233807.33,,,,O,U,
C00672139,CONSERVATION OHIO,OTHER,DEM,1.0,0.0,5724.0,0.0,317232.0,5724.0,330249.77,313301.73,,,,O,U,
C00675397,A STRONGER TEXAS FUND,OTHER,DEM,1.0,0.0,4768.0,0.0,0.0,4768.0,0.0,2384.0,,,,O,U,
C00675447,NEW MEXICO STRONG FUND,OTHER,DEM,1.0,0.0,1400.0,0.0,0.0,1400.0,0.0,700.0,,,,O,U,
C00679316,COMMITTEE TO BUILD THE ECONOMY,OTHER,DEM,1.0,0.0,97746.0,0.0,0.0,97746.0,0.0,48879.02,,,,O,U,
C00681478,FIRST FOR AMERICA,OTHER,REP,1.0,0.0,0.0,528000.0,0.0,528000.0,270000.0,264000.0,,,,O,U,
C00685289,NEVADA ADVOCATES FOR PLANNED PARENTHOOD AFFILIATES PAC (NAPPA PAC),OTHER,BIPARTISAN,0.18785145253881075,0.0,1052396.0,719536.0,191364.0,1771932.0,826000.12,865721.68,,,,O,U,
C00685982,UNITED VETERANS ALLIANCE OF AMERICA PAC,OTHER,BIPARTISAN,0.001952933325482345,0.0,203398.0,204194.0,0.0,407592.0,700994.88,174828.46,,,,O,U,
C00687327,AMERICAN FREEDOM AND OPPORTUNITY PAC,OTHER,REP,1.0,0.0,0.0,3000.0,0.0,3000.0,6000.0,1500.0,,,,O,U,
C00687491,PLANNED PARENTHOOD ADVOCACY PROJECT LOS ANGELES COUNTY ACTION FUND,OTHER,DEM,1.0,0.0,4394.0,0.0,266955.0,4394.0,952665.69,1841.84,,,,O,U,
C00688432,PLANNED PARENTHOOD ACTION FUND OF THE PACIFIC SOUTHWEST PAC,OTHER,DEM,1.0,0.0,6894.0,0.0,132500.0,6894.0,533083.31,251.89,,,,O,U,
C00688580,TERM LIMITS ACTION,OTHER,BIPARTISAN,0.24555566723623815,0.0,450358.0,743522.0,0.0,1193880.0,1118847.79,589941.0,,,,O,U,
C00688655,EVERYTOWN FOR GUN SAFETY VICTORY FUND (EVERYTOWN VICTORY FUND),OTHER,BIPARTISAN,0.15548824981736384,0.0,8003008.0,10949974.0,839214.0,18952982.0,23210400.63,9298927.91,,,,O,U,
C00689745,MAKE THE ROAD ACTION INDEPENDENT EXPENDITURE COMMITTEE,OTHER,DEM,1.0,0.0,2011518.0,0.0,75000.0,2011518.0,767391.27,440775.53,,,,O,U,
C00690776,MICHIGAN LIBERATION ACTION FUND,OTHER,DEM,1.0,0.0,13516.0,0.0,16862.0,13516.0,119885.0,15192.51,,,,O,U,
C00692129,TEA PARTY PAC,OTHER,REP,1.0,0.0,0.0,4782.0,0.0,4782.0,134135.07,2322.21,,,,O,U,
C00696112,PROTECT AMERICAN VALUES PAC,OTHER,REP,1.0,0.0,0.0,13000.0,0.0,13000.0,18382.8,6500.0,,,,O,U,
C00701888,UNITE THE COUNTRY,OTHER,DEM,0.8984549046900212,0.0,7665230.0,410000.0,2245000.0,8075230.0,7045395.35,3797221.39,,,,O,U,
C00703827,DELIVERING WISCONSIN,OTHER,REP,1.0,0.0,0.0,6404.0,0.0,6404.0,3475.0,3202.75,,,,O,U,
C00710160,AMERICAN ALLIANCE FOR DISABLED CHILDREN PAC,OTHER,REP,1.0,0.0,0.0,100000.0,0.0,100000.0,3462681.74,50000.0,,,,O,U,
C00710178,HONORING AMERICAN LAW ENFORCEMENT PAC,OTHER,BIPARTISAN,0.7209302325581395,0.0,24000.0,148000.0,0.0,172000.0,1759210.66,86000.0,,,,O,U,
C00717710,JUST GOOD GOVERNMENT PAC,OTHER,DEM,1.0,0.0,18324.0,0.0,0.0,18324.0,36500.0,9162.73,,,,O,U,
C00720540,STAND AMERICA PAC,OTHER,REP,1.0,0.0,0.0,103524.0,0.0,103524.0,97397.24,51764.97,,,,O,U,
C00720649,REFORM LEADERS PAC,OTHER,REP,0.9952306116545087,0.0,2440.0,1020752.0,2128.0,1023192.0,60399.88,512676.8,,,,O,U,
C00722025,SEAL PAC USA,OTHER,REP,1.0,0.0,0.0,311500.0,2500.0,311500.0,411830.0,155750.0,,,,O,U,
C00728386,DEFEATING COMMUNISM PAC,HOU,REP,1.0,0.0,0.0,58832.0,42000.0,58832.0,148064.29,29416.21,,,,O,U,
C00733915,MICHIGAN PEOPLES CHOICE,OTHER,DEM,1.0,0.0,822486.0,0.0,0.0,822486.0,273414.0,411247.69,,,,O,U,
C00738674,REPRODUCTIVE FREEDOM FOR ALL FREEDOM FUND,OTHER,BIPARTISAN,0.2530023034040861,0.0,3340028.0,1991212.0,82656.0,5331240.0,2762180.0,2638037.61,,,,O,U,
C00738732,CLEAN WAVE,OTHER,DEM,1.0,0.0,494226.0,0.0,64419.0,494226.0,301362.0,184550.56,,,,O,U,
C00739771,UNITE TO WIN,OTHER,DEM,1.0,0.0,644220.0,0.0,140000.0,644220.0,358500.0,322115.22,,,,O,U,
C00740217,OHIO REPUBLICAN PAC,OTHER,NON_PARTISAN,0.0,0.0,0.0,0.0,529.0,0.0,17400.0,531.06,,,,O,P,
C00740225,NRDC ACTION VOTES,OTHER,REP,1.0,0.0,0.0,8589672.0,240000.0,8589672.0,5005267.79,4404837.76,,,,O,U,
C00742635,GUN RIGHTS AMERICA,OTHER,BIPARTISAN,0.1983263095425897,0.0,106718.0,159520.0,26710.0,266238.0,168659.36,119912.59,,,,O,U,
C00744185,NUESTRO PAC,OTHER,DEM,1.0,0.0,918016.0,0.0,40000.0,918016.0,493457.51,326389.3,,,,O,U,
C00745745,IN UNION USA,OTHER,BIPARTISAN,0.12137471107193006,0.0,2227298.0,1745144.0,151286.0,3972442.0,6890000.0,2061874.95,,,,O,U,
C00747097,JUST THE TRUTH POLITICAL ACTION COMMITTEE,OTHER,REP,0.9899355877616747,0.0,6250.0,1235750.0,0.0,1242000.0,662030.0,621000.0,,,,O,U,
C00747121,RED SENATE,OTHER,BIPARTISAN,0.2839148579033447,0.0,4265074.0,2378784.0,98396.0,6643858.0,3761224.37,2881703.92,,,,O,U,
C00748301,BLOC PAC,OTHER,DEM,1.0,0.0,153156.0,0.0,0.0,153156.0,67607.76,76580.01,,,,O,U,
C00748475,CONSERVATIVE OUTSIDER PAC INC,OTHER,REP,1.0,0.0,0.0,6052788.0,4260282.0,6052788.0,5259175.0,5156563.81,,,,O,U,
C00748582,REALLY AMERICAN PAC,OTHER,REP,1.0,0.0,0.0,43000.0,0.0,43000.0,198834.59,21500.0,,,,O,U,
C00750182,"OPPORTUNITY MATTERS FUND, INC.",OTHER,REP,1.0,0.0,0.0,2095534.0,10000000.0,2095534.0,178098.28,1047773.7,,,,O,U,
C00750224,CONCERNED AMERICANS FOR AMERICA,OTHER,REP,1.0,0.0,0.0,990746.0,0.0,990746.0,491618.0,486241.33,,,,O,U,
C00752691,ONE FOR ALL COMMITTEE,OTHER,DEM,1.0,0.0,32700948.0,0.0,181708.0,32700948.0,20890969.07,16350507.1,,,,O,U,
C00754051,WORKERS VOTE,OTHER,BIPARTISAN,0.7900607220477531,0.0,17584572.0,2062328.0,2464166.0,19646900.0,27552767.88,9322389.74,,,,O,U,
C00754192,ORANGE COUNTY PAC,OTHER,DEM,1.0,0.0,508444.0,0.0,0.0,508444.0,832946.47,244660.9,,,,O,U,
C00754218,TEXAS ALLIANCE FOR LIFE FED PAC,OTHER,BIPARTISAN,0.6747608535688006,0.0,75108.0,14586.0,8.0,89694.0,31544.15,44914.14,,,,O,U,
C00755363,VOTE FOR EQUALITY,OTHER,DEM,1.0,0.0,407790.0,0.0,676.0,407790.0,453285.96,204286.31,,,,O,U,
C00756569,WORKER POWER PAC,OTHER,DEM,1.0,0.0,5608484.0,0.0,1030000.0,5608484.0,12056955.79,2804390.03,,,,O,U,
C00756791,VOTEBLUE,OTHER,DEM,1.0,0.0,60394.0,0.0,0.0,60394.0,13157.6,30197.83,,,,O,U,
C00758011,VOTAR ES PODER PAC,OTHER,BIPARTISAN,0.5887833977167356,0.0,846418.0,219074.0,0.0,1065492.0,840026.9,376547.63,,,,O,U,
C00758102,MOVE AHEAD USA,OTHER,REP,1.0,0.0,0.0,1950.0,0.0,1950.0,2408.2,975.0,,,,O,U,
C00760801,THE TURNOUT PROJECT,OTHER,DEM,1.0,0.0,687130.0,0.0,10000.0,687130.0,752020.0,343571.97,,,,O,U,
C00761064,API PA VOTES,OTHER,DEM,0.9103241427075046,0.0,2002482.0,94002.0,435700.0,2096484.0,3013240.55,788098.58,,,,O,U,
C00761072,ONE APIA PAC,OTHER,DEM,1.0,0.0,2283942.0,0.0,83386.0,2283942.0,1180000.0,1158673.37,,,,O,U,
C00763409,ORGANIZING EMPOWERMENT PAC,OTHER,DEM,1.0,0.0,4584966.0,0.0,0.0,4584966.0,4819606.59,1422489.25,,,,O,U,
C00766659,NOVEMBER COALITION,OTHER,DEM,1.0,0.0,612938.0,0.0,0.0,612938.0,1896444.38,309094.3,,,,O,U,
C00769232,JEFFERSON RISING,OTHER,BIPARTISAN,0.6565448769244436,0.0,9342494.0,1937000.0,7133800.0,11279494.0,18511970.98,5639747.74,,,,O,U,
C00771477,MAKE AMERICA GREAT AGAIN ACTION INC,OTHER,DEM,1.0,0.0,3239914.0,0.0,0.0,3239914.0,1232803.7,1619957.69,,,,O,U,
C00772152,ELECT PRINCIPLED VETERANS FUND (EPV FUND),OTHER,REP,1.0,0.0,0.0,6491622.0,3078322.0,6491622.0,6445131.0,3334317.33,,,,O,U,
C00772194,DEFEND THE AMERICAN DREAM PAC,OTHER,REP,1.0,0.0,0.0,37650.0,0.0,37650.0,37600.0,18826.3,,,,O,U,
C00773788,SUPPORT OUR FIREFIGHTERS AND PARAMEDICS PAC,OTHER,BIPARTISAN,0.13204462789652213,0.0,127428.0,166200.0,0.0,293628.0,510773.64,123283.68,,,,O,U,
C00774257,HOOSIER HONOR,OTHER,REP,1.0,0.0,0.0,223620.0,0.0,223620.0,350000.0,111810.0,,,,O,U,
C00774323,POLICE AND TROOPER SUPPORT PAC,OTHER,REP,1.0,0.0,0.0,72504.0,0.0,72504.0,1763009.8,25995.34,,,,O,U,
C00776419,THE PEOPLE UNITED PAC,OTHER,DEM,1.0,0.0,13888.0,0.0,21696.0,13888.0,211406.26,7805.0,,,,O,U,
C00813006,"BETTER ACCESS TO CHIROPRACTIC PAC (CHIROPRACTIC FUTURE, LLC)",OTHER,REP,1.0,0.0,0.0,40000.0,0.0,40000.0,61949.14,20000.0,,,,O,U,
C00780841,PRINCIPLED VETERANS FUND (PV FUND),OTHER,DEM,1.0,0.0,1314014.0,0.0,2036716.0,1314014.0,2824884.47,572011.45,,,,O,U,
C00820357,JOBS & PROSPERITY PAC,OTHER,REP,1.0,0.0,0.0,217830.0,0.0,217830.0,140000.0,108915.6,,,,O,U,
C00826966,ALASKA MARCH ON,OTHER,DEM,1.0,0.0,4636.0,0.0,0.0,4636.0,6628.13,2337.28,,,,O,U,
C00827030,CEDAR KEY PROGRESS,OTHER,BIPARTISAN,0.5573663624511083,0.0,135800.0,477800.0,0.0,613600.0,461786.52,306800.0,,,,O,U,
C00786517,NORTHWEST OHIO FREEDOM FUND PAC,OTHER,REP,1.0,0.0,0.0,73508.0,2672.0,73508.0,35000.0,36755.46,,,,O,U,
C00787150,KEEP THE SENATE,OTHER,UNCLASSIFIED,0.0,0.0,0.0,0.0,0.0,0.0,5755.47,845.45,,,,O,U,
C00787242,KEEP THE HOUSE PAC,OTHER,UNCLASSIFIED,0.0,0.0,0.0,0.0,0.0,0.0,1575.4,410.02,,,,O,U,
C00632109,FIRST STATE STRONG FEC,OTHER,DEM,1.0,0.0,10000.0,0.0,145862.0,10000.0,213970.88,150865.65,,,,O,U,
C00825851,MAKE AMERICA GREAT AGAIN INC.,OTHER,BIPARTISAN,0.508539941714496,0.0,558256150.0,181871618.0,24809593.0,740127768.0,410509931.12,376948786.7,,,,O,U,
C00825885,PATRIOTS FOR A BRIGHTER AMERICA,OTHER,REP,0.8447717185114137,0.0,109080.0,1296334.0,29834.0,1405414.0,876736.12,717626.0,,,,O,U,
C00826024,PIVOT VICTORY FUND,OTHER,DEM,1.0,0.0,19442.0,0.0,0.0,19442.0,20821.95,9721.6,,,,O,U,
C00826073,PROTECT WEST VIRGINIA VALUES,OTHER,REP,1.0,0.0,0.0,1046900.0,550000.0,1046900.0,750000.0,523450.0,,,,O,U,
C00799031,UNITED DEMOCRACY PROJECT ('UDP'),OTHER,DEM,0.8380256708980482,0.0,69928738.0,6162406.0,3350000.0,76091144.0,87176557.14,37859810.12,,,,O,U,
C00799916,PROGRESSIVE VOICES ACTION FUND,OTHER,DEM,1.0,0.0,14000.0,0.0,13429.0,14000.0,22000.0,7000.0,,,,O,U,
C00824292,AMERICAN LEADERSHIP PAC,OTHER,REP,1.0,0.0,0.0,2333190.0,150027.0,2333190.0,1551828.24,1166598.74,,,,O,U,
C00824714,PEOPLE WHO LOVE AMERICA,OTHER,DEM,1.0,0.0,67000.0,0.0,3674.0,67000.0,10000.0,33500.0,,,,O,U,
C00821611,ASIAN AMERICANS FOR CHANGE FUND,OTHER,DEM,1.0,0.0,230730.0,0.0,0.0,230730.0,220556.01,58365.99,,,,O,U,
C00821942,PINK IS THE NEW BLUE!,OTHER,DEM,1.0,0.0,29860.0,0.0,0.0,29860.0,21780.0,14930.0,,,,O,U,
C00796045,TRUTH AND COURAGE PAC,OTHER,BIPARTISAN,0.6953599817126158,0.0,43905814.0,7889456.0,6350000.0,51795270.0,37916061.3,25897658.83,,,,O,U,
C00797084,THE GUARDIAN SUPER PAC,OTHER,REP,1.0,0.0,0.0,20400.0,0.0,20400.0,72345.84,10200.0,,,,O,U,
C00797332,TEXANS FOR FREEDOM,OTHER,REP,1.0,0.0,0.0,88776.0,0.0,88776.0,50035.0,44388.44,,,,O,U,
C00797340,BLUE CD2 NEW MEXICO USA,OTHER,DEM,0.9613426969911733,0.0,152210.0,3000.0,0.0,155210.0,345911.68,77606.43,,,,O,U,
C00800995,DEMOCRATIC MESSAGING PROJECT,OTHER,DEM,0.9957916527214805,0.0,644026.0,1358.0,4500.0,645384.0,779789.8,307153.99,,,,O,U,
C00828343,RELAY,OTHER,DEM,1.0,0.0,378476.0,0.0,2010000.0,378476.0,3164618.0,189238.52,,,,O,U,
C00828525,"AAPI SUPER GAPPAC FUND, INC.",OTHER,NON_PARTISAN,0.0,0.0,0.0,0.0,4781.0,0.0,0.0,9362.82,,,,O,U,
C00828533,WORKER POWER PAC FOR GEORGIA,OTHER,DEM,1.0,0.0,2060000.0,0.0,1030000.0,2060000.0,1030000.0,1030000.0,,,,O,U,
C00828608,HARDWORKING AMERICANS INC.,OTHER,BIPARTISAN,0.13434892349708205,0.0,367174.0,280200.0,25000.0,647374.0,2905685.24,323688.45,,,,O,U,
C00828921,CUT CRUZ PAC,OTHER,REP,1.0,0.0,0.0,4000.0,0.0,4000.0,46316.8,2000.0,,,,O,U,
C00798009,HEALTHCARE FREEDOM SUPER PAC,OTHER,BIPARTISAN,0.14803868092465508,0.0,201488.0,271510.0,20000.0,472998.0,347297.17,236503.23,,,,O,U,
C00798355,AGENDA PAC,OTHER,REP,1.0,0.0,0.0,650.0,10000.0,650.0,384702.25,325.0,,,,O,U,
C00801803,SOS AMERICA PAC,OTHER,REP,1.0,0.0,0.0,20219202.0,0.0,20219202.0,3482521.18,5390117.18,,,,O,U,
C00801910,FOOD AND WATER ACTION PAC,OTHER,DEM,1.0,0.0,11100.0,0.0,0.0,11100.0,23836.24,5554.47,,,,O,U,
C00802207,ADVANCE LIBERTY PAC,OTHER,BIPARTISAN,0.7284748694311983,0.0,56200.0,357758.0,30000.0,413958.0,273553.0,182980.22,,,,O,U,
C00802389,GIVEGREEN UNITED ACTION,OTHER,DEM,0.9922238372093023,0.0,109652.0,428.0,1750370.0,110080.0,4081809.24,38902.02,,,,O,U,
C00794396,SCHOOL FREEDOM FUND,OTHER,BIPARTISAN,0.04631380672439402,0.0,1522972.0,1670892.0,2450000.0,3193864.0,14697585.29,1596941.98,,,,O,U,
C00785121,AFFORDABLE ENERGY FUND PAC,OTHER,DEM,1.0,0.0,1699998.0,0.0,25000.0,1699998.0,1000000.0,849999.75,,,,O,U,
C00785568,SECURE ARIZONA'S FUTURE,OTHER,REP,1.0,0.0,0.0,42540.0,0.0,42540.0,25000.0,21270.0,,,,O,U,
C00804823,MAINSTREAM DEMOCRATS PAC,OTHER,DEM,0.8712482413935159,0.0,4814834.0,331286.0,0.0,5146120.0,3592229.91,2573066.54,,,,O,U,
C00804856,REPUBLICAN ACCOUNTABILITY PAC,OTHER,BIPARTISAN,0.12308441424618959,0.0,39380754.0,50435768.0,0.0,89816522.0,41790354.46,36750840.41,,,,O,U,
C00814806,1787 FUND,OTHER,REP,1.0,0.0,0.0,240582.0,0.0,240582.0,134500.0,120291.0,,,,O,U,
C00790923,"BUCKEYE LEADERSHIP FUND, INC.",OTHER,REP,1.0,0.0,0.0,15329058.0,0.0,15329058.0,7983400.0,7664535.5,,,,O,U,
C00815753,J STREET ACTION FUND,OTHER,REP,1.0,0.0,0.0,409988.0,6500.0,409988.0,240923.45,204995.0,,,,O,B,
C00816173,TENNESSEE IMMIGRANT AND REFUGEE RIGHTS COALITION VOTES ACTION PAC,OTHER,DEM,1.0,0.0,15504.0,0.0,0.0,15504.0,31271.77,7753.0,,,,O,U,
C00779314,THE FREEDOM FORWARD FUND,OTHER,BIPARTISAN,0.39186615186615187,0.0,54074.0,23626.0,0.0,77700.0,65500.0,38853.58,,,,O,U,
C00779595,RSLC PAC,OTHER,BIPARTISAN,0.02500302545843657,0.0,1931118.0,1836906.0,1450000.0,3768024.0,19520915.63,2234021.83,,,,O,U,
C00817122,GOA VICTORY FUND,OTHER,REP,1.0,0.0,0.0,2582424.0,0.0,2582424.0,1580716.07,1280025.05,,,,O,U,
C00787671,FIREFIGHTERS COALITION OF AMERICA PAC,OTHER,BIPARTISAN,0.0,0.0,65318.0,65318.0,0.0,130636.0,321423.6,54975.36,,,,O,U,
C00787945,BLUEWAVEAMERICA LLC,OTHER,DEM,0.8932536499819999,0.0,1961602.0,110600.0,43500.0,2072202.0,4610076.58,969235.5,,,,O,U,
C00782508,CHANGE FOR ARIZONA 2024 PAC,OTHER,NON_PARTISAN,0.0,0.0,0.0,0.0,165810.0,0.0,349849.49,45405.38,,,,O,U,
C00782847,KEEPING AMERICA STRONG PAC,OTHER,REP,1.0,0.0,0.0,155904.0,0.0,155904.0,176276.79,77956.38,,,,O,U,
C00865717,FLIP THE 40TH,OTHER,DEM,1.0,0.0,121200.0,0.0,0.0,121200.0,398075.0,60600.35,,,,O,U,
C00865725,NEIGHBORS FOR RESULTS,OTHER,DEM,1.0,0.0,4793348.0,0.0,102000.0,4793348.0,2565000.54,1956217.82,,,,O,U,
C00866269,CENTRAL VALLEY VALUES PAC,OTHER,BIPARTISAN,0.7532263981058459,0.0,199800.0,1419498.0,450000.0,1619298.0,980000.0,809659.09,,,,O,U,
C00866368,CONSERVATIVE VOTERS ALLIANCE,OTHER,REP,1.0,0.0,0.0,1972756.0,0.0,1972756.0,1741421.0,977611.87,,,,O,U,
C00866418,IMPACT 65,OTHER,DEM,1.0,0.0,40000.0,0.0,0.0,40000.0,80000.0,20000.0,,,,O,U,
C00866517,GO AMERICA PAC,OTHER,REP,1.0,0.0,0.0,48176.0,0.0,48176.0,41785.28,21299.33,,,,O,U,
C00866673,ALABAMA FAMILIES PAC,OTHER,BIPARTISAN,0.05840609913736249,0.0,80242.0,71386.0,0.0,151628.0,104389.3,75818.9,,,,O,U,
C00866780,PA UNITED FEDERAL ACTION COMMITTEE,OTHER,DEM,1.0,0.0,1517850.0,0.0,335000.0,1517850.0,1573000.4,758935.98,,,,O,U,
C00867036,RIGHT FOR AMERICA,OTHER,BIPARTISAN,0.4693177059655153,0.0,102239866.0,36926586.0,500000.0,139166452.0,72503980.31,69583233.16,,,,O,U,
C00881318,EMPIRICALPOLITICAL CORP,OTHER,REP,1.0,0.0,0.0,5000.0,0.0,5000.0,2425.0,2500.0,,,,O,U,
C00881474,FLORIDA PATRIOTS PAC,OTHER,REP,1.0,0.0,0.0,6180846.0,4570000.0,6180846.0,4570000.0,3090434.15,,,,O,U,
C00881482,1889 PAC,OTHER,BIPARTISAN,0.0,0.0,590568.0,590568.0,0.0,1181136.0,650000.0,590572.0,,,,O,U,
C00881557,CITIZENS ALERT MEDIA,OTHER,REP,1.0,0.0,0.0,3414.0,0.0,3414.0,2200.0,1707.5,,,,O,U,
C00881573,VIRGINIANS DEFENDING THE CONSTITUTION,OTHER,DEM,1.0,0.0,5698.0,0.0,0.0,5698.0,13915.0,2851.73,,,,O,U,
C00881607,RIGHT REASON PAC,OTHER,REP,1.0,0.0,0.0,196224.0,0.0,196224.0,100600.01,98112.2,,,,O,U,
C00881805,SAG PAC INC.,OTHER,BIPARTISAN,0.4,0.0,215466.0,502754.0,23397678.0,718220.0,16907482.4,7346958.03,,,,O,U,
C00881987,DUTY TO AMERICA PAC,OTHER,DEM,0.9629774301121655,0.0,46308842.0,873404.0,0.0,47182246.0,23640000.0,23591142.83,,,,O,U,
C00882019,MI FAMILIA DECIDE PAC,OTHER,DEM,1.0,0.0,440000.0,0.0,10000.0,440000.0,235000.0,215000.0,,,,O,U,
C00882050,TOGETHER FOR NEVADA'S FUTURE PAC,OTHER,REP,1.0,0.0,0.0,4717632.0,0.0,4717632.0,2893800.0,2358817.0,,,,O,U,
C00882266,BLUE WAVE ACTION D/B/A BWA,OTHER,DEM,1.0,0.0,4642536.0,0.0,1564524.0,4642536.0,2425100.0,2311811.41,,,,O,U,
C00882381,PEOPLE POWER PENNSYLVANIA,OTHER,BIPARTISAN,0.07992281933142914,0.0,2821482.0,3311660.0,1145000.0,6133142.0,4749000.0,3058375.12,,,,O,U,
C00882399,ANTI-PSYCHOPATH PAC INC.,OTHER,REP,1.0,0.0,0.0,5506250.0,0.0,5506250.0,3291994.25,2717105.38,,,,O,U,
C00882431,EMPOWERING BLACK AMERICANS PAC,OTHER,DEM,1.0,0.0,368516.0,0.0,0.0,368516.0,352271.94,184259.65,,,,O,U,
C00882555,FC PAC,OTHER,DEM,1.0,0.0,9612212.0,0.0,0.0,9612212.0,6500200.0,4806118.9,,,,O,U,
C00882621,OREGONIANS FOR TRUTH AND ACCOUNTABILITY PAC,OTHER,DEM,1.0,0.0,201566.0,0.0,0.0,201566.0,134500.0,100783.6,,,,O,U,
C00758789,NEW SOUTH SUPER PAC,OTHER,DEM,1.0,0.0,2816.0,0.0,0.0,2816.0,740.75,1408.3,,,,O,U,
C00758938,POLICE COALITION OF AMERICA PAC,OTHER,REP,1.0,0.0,0.0,113764.0,0.0,113764.0,3327417.49,42892.04,,,,O,U,
C00868604,MONTANANS FOR PUBLIC LANDS,OTHER,DEM,1.0,0.0,498344.0,0.0,70000.0,498344.0,259307.56,221077.51,,,,O,U,
C00868612,LOUISIANA FAMILIES FIRST PAC,OTHER,DEM,1.0,0.0,600000.0,0.0,0.0,600000.0,345000.0,300000.0,,,,O,U,
C00868679,AMERICANS FOR CONTRACEPTION VICTORY FUND,OTHER,BIPARTISAN,0.0,0.0,947232.0,947232.0,70000.0,1894464.0,1427400.43,918157.07,,,,O,U,
C00868935,BUCKEYES FOR VALUES,OTHER,REP,1.0,0.0,0.0,444158.0,2300.0,444158.0,222675.0,222079.77,,,,O,U,
C00869073,POWER TO THE POLLS FEDERAL FUND,OTHER,BIPARTISAN,0.15560820159263697,0.0,5852498.0,4276364.0,529300.0,10128862.0,4168847.31,2221032.8,,,,O,U,
C00869305,UNITE HERE LOCAL 11 PAC,OTHER,BIPARTISAN,0.009942303729651762,0.0,38438.0,39210.0,0.0,77648.0,38835.37,38835.37,,,,O,U,
C00869321,VICTORY PAC,OTHER,DEM,0.9867387379159841,0.0,2088424.0,13940.0,1750000.0,2102364.0,4355565.74,543915.77,,,,O,U,
C00869347,UNITED DEMOCRATS FUND,OTHER,BIPARTISAN,0.7034781214938292,0.0,3700.0,21256.0,0.0,24956.0,49194.0,12478.0,,,,O,U,
C00869503,"RESIDENTS FOR STRONG, ETHICAL LEADERSHIP",OTHER,DEM,1.0,0.0,193538.0,0.0,100000.0,193538.0,100000.0,96769.9,,,,O,U,
C00760132,NYIC POLITICAL ACTION FUND,OTHER,DEM,1.0,0.0,50994.0,0.0,0.0,50994.0,65000.0,12790.25,,,,O,U,
C00760488,WOMEN'S MARCH WIN,OTHER,BIPARTISAN,0.2695994413762458,0.0,69036.0,120000.0,0.0,189036.0,321411.11,94518.58,,,,O,U,
C00832238,DEMOCRACY THROUGH VOTING,OTHER,DEM,1.0,0.0,1558.0,0.0,29783.0,1558.0,85172.62,17338.69,,,,O,U,
C00832485,SHOW-ME STRONG PAC,OTHER,DEM,1.0,0.0,6037382.0,0.0,0.0,6037382.0,3603000.0,3018691.38,,,,O,U,
C00832550,ACTION NEVADA PAC,OTHER,REP,1.0,0.0,0.0,20000.0,0.0,20000.0,42463.0,10000.0,,,,O,U,
C00832642,HONEST HOOSIERS PAC,OTHER,REP,1.0,0.0,0.0,245800.0,0.0,245800.0,137400.0,122900.0,,,,O,U,
C00832691,STANDING STRONG PAC,OTHER,REP,0.9625799999508194,0.0,350000.0,18356574.0,6111226.0,18706574.0,10579552.0,9353287.62,,,,O,U,
C00832980,ARIZONA'S BOLD ERA PAC (ABE PAC),OTHER,REP,1.0,0.0,0.0,1961882.0,0.0,1961882.0,1652446.82,980956.03,,,,O,U,
C00761577,FAMILY FIRST COALITION PAC,OTHER,REP,1.0,0.0,0.0,1160.0,0.0,1160.0,5000.0,584.4,,,,O,U,
C00833228,PROJECT 72 WI PAC,OTHER,REP,1.0,0.0,0.0,842000.0,2855000.0,842000.0,3550325.93,421000.0,,,,O,U,
C00833418,SHE SPEAKS FOR ME,OTHER,DEM,1.0,0.0,2985334.0,0.0,0.0,2985334.0,1515000.0,1490167.0,,,,O,U,
C00833566,CONSTITUTIONAL CONSERVATIVES FUND,OTHER,REP,1.0,0.0,0.0,1365870.0,105000.0,1365870.0,1000813.8,682936.83,,,,O,U,
C00833749,AMERICAN EXCEPTIONALISM PAC,OTHER,REP,1.0,0.0,0.0,13108244.0,116816.0,13108244.0,8872226.96,6554190.89,,,,O,U,
C00834077,NEVER BACK DOWN INC.,OTHER,REP,1.0,0.0,0.0,80778912.0,12350000.0,80778912.0,145723168.71,37764477.49,,,,O,U,
C00884239,"WOMEN4US, INC.",OTHER,DEM,1.0,0.0,746282.0,0.0,0.0,746282.0,748868.45,373142.64,,,,O,U,
C00884395,MAKE A DIFFERENCE MN,OTHER,NON_PARTISAN,0.0,0.0,0.0,0.0,227980.0,0.0,117169.36,108991.85,,,,O,U,
C00884817,TAT SUPER PAC,OTHER,BIPARTISAN,0.47344360989410045,0.0,813528.0,290726.0,0.0,1104254.0,593368.38,472660.62,,,,O,U,
C00885145,INSPIRE COLORADO,OTHER,REP,1.0,0.0,0.0,29900.0,0.0,29900.0,22400.0,14950.0,,,,O,U,
C00885285,FAITH OVER FALSE IDOLS PAC,OTHER,UNCLASSIFIED,0.0,0.0,0.0,0.0,0.0,0.0,142.0,107.0,,,,O,U,
C00885400,1959 PAC,OTHER,REP,1.0,0.0,0.0,1502150.0,0.0,1502150.0,754500.0,751075.0,,,,O,U,
C00762658,KEEP AMERICA AMERICA ACTION FUND,OTHER,BIPARTISAN,0.08464644329352077,0.0,256546.0,216504.0,0.0,473050.0,335070.0,222525.75,,,,O,U,
C00835942,DEFEND OHIO VALUES PAC,OTHER,REP,1.0,0.0,0.0,3894122.0,22201.0,3894122.0,2000000.0,1947061.8,,,,O,U,
C00835959,FAIRSHAKE,OTHER,BIPARTISAN,0.3162546121851132,0.0,50519446.0,26242976.0,90811210.0,76762422.0,260070709.37,40661820.61,,,,O,U,
C00835967,CONSERVATIVES FOR AMERICAN EXCELLENCE INC.,OTHER,REP,1.0,0.0,0.0,13585376.0,596008.0,13585376.0,10568973.31,7065745.17,,,,O,U,
C00836031,GREEN BERET POLITICAL ACTION COMMITTEE,OTHER,REP,1.0,0.0,0.0,65094.0,0.0,65094.0,98992.24,32547.03,,,,O,U,
C00836189,WORKING FOR AMERICA INC.,OTHER,REP,1.0,0.0,0.0,6992.0,25500.0,6992.0,217005.39,3496.8,,,,O,U,
C00836221,DEFEND AMERICAN JOBS,OTHER,REP,1.0,0.0,0.0,118135110.0,54550000.0,118135110.0,60325000.01,57809173.64,,,,O,U,
C00836338,CAMPAIGN FOR DEMOCRACY GROUP,OTHER,DEM,1.0,0.0,1721364.0,0.0,8790832.0,1721364.0,10123527.5,860683.58,,,,O,U,
C00836783,REAL LEADERSHIP FOR COLORADO,OTHER,BIPARTISAN,0.7330984599781141,0.0,10000.0,64934.0,112000.0,74934.0,355501.0,37467.72,,,,O,U,
C00836866,VOTERS DESERVE BETTER,OTHER,DEM,1.0,0.0,6960.0,0.0,0.0,6960.0,136569.0,3480.1,,,,O,U,
C00837138,DW PAC,OTHER,REP,1.0,0.0,0.0,32442.0,0.0,32442.0,450404.4,16222.43,,,,O,U,
C00837427,PROJECT RESCUE AMERICA,OTHER,DEM,1.0,0.0,17063304.0,0.0,0.0,17063304.0,10756358.4,8531652.32,,,,O,U,
C00837443,AMERICAN PACT,OTHER,REP,1.0,0.0,0.0,44094.0,0.0,44094.0,23950.0,21998.0,,,,O,U,
C00838169,REPUBLICAN LEADERSHIP FUND INC.,OTHER,BIPARTISAN,0.6,0.0,227490.0,909960.0,6284437.0,1137450.0,7408550.0,568725.0,,,,O,U,
C00838268,VIRGINIA NOW,OTHER,REP,1.0,0.0,0.0,937668.0,0.0,937668.0,475000.0,468834.5,,,,O,U,
C00885640,NEW HAMPSHIRE 1ST,OTHER,REP,1.0,0.0,0.0,120000.0,0.0,120000.0,75000.0,60000.0,,,,O,U,
C00885707,MAINSTREAM COLORADO FUND,OTHER,BIPARTISAN,0.5471192226264009,0.0,2657776.0,777998.0,100000.0,3435774.0,2079226.98,1717889.98,,,,O,U,
C00885715,"CHISPA PAC, SPONSORED BY CHISPA, A PROJECT OF TIDES ADVOCACY.",OTHER,DEM,1.0,0.0,579204.0,0.0,215607.0,579204.0,331796.01,205271.67,,,,O,U,
C00885855,BILLBOARDS 47 SWING STATES,OTHER,REP,1.0,0.0,0.0,158784.0,0.0,158784.0,83392.73,79393.73,,,,O,U,
C00885947,VOTERS OF THESE 50 STATES OF AMERICA,OTHER,NON_PARTISAN,0.0,0.0,0.0,0.0,4827559.0,0.0,10238679.13,1400000.0,,,,O,U,
C00886002,SUNSHINE PAC,OTHER,REP,1.0,0.0,0.0,716134.0,0.0,716134.0,400000.0,358067.0,,,,O,U,
C00886093,FOR MICHIGAN ACTION FUND,OTHER,DEM,1.0,0.0,1733438.0,0.0,0.0,1733438.0,2475444.87,866737.39,,,,O,U,
C00886242,MUST WIN. CAN WIN.,OTHER,REP,1.0,0.0,0.0,42000.0,0.0,42000.0,39255.11,21000.0,,,,O,U,
C00886317,ASIANS MAKING AMERICA GREAT AGAIN,OTHER,REP,1.0,0.0,0.0,86506.0,0.0,86506.0,97570.51,43253.29,,,,O,U,
C00886382,FORCE FOR GOOD,HOU,REP,1.0,0.0,0.0,51082.0,0.0,51082.0,25700.26,25541.36,,,,O,U,
C00886515,LAST STAND POLITICAL ACTION COMMITTEE,OTHER,DEM,1.0,0.0,199484.0,0.0,0.0,199484.0,105038.75,99742.83,,,,O,U,
C00886614,YOUR COMMUNITY PAC,OTHER,BIPARTISAN,0.7156713671451487,0.0,32791294.0,5434318.0,10000.0,38225612.0,21363428.8,19033256.97,,,,O,U,
C00886747,RESTORING LIBERTY PAC,OTHER,REP,1.0,0.0,0.0,48234.0,63848.0,48234.0,60001.0,56042.12,,,,O,U,
C00886804,FRECKA PAC,OTHER,REP,1.0,0.0,0.0,921400.0,75000.0,921400.0,2000000.0,460700.0,,,,O,U,
C00886846,POINT OF FRICTION,OTHER,DEM,1.0,0.0,28098.0,0.0,0.0,28098.0,87686.35,14049.33,,,,O,U,
C00886929,SAFER NM COMMUNITIES,OTHER,BIPARTISAN,0.3284466729763655,0.0,197908.0,100046.0,0.0,297954.0,178150.01,148988.7,,,,O,U,
C00763870,CAREER EDUCATION PAC,OTHER,REP,1.0,0.0,0.0,599236.0,0.0,599236.0,271750.0,299622.22,,,,O,U,
C00847236,DUTY FIRST NEVADA PAC,OTHER,REP,1.0,0.0,0.0,2507344.0,105154.0,2507344.0,2647252.64,1287062.41,,,,O,U,
C00847574,TO FORM A MORE PERFECT UNION,OTHER,REP,1.0,0.0,0.0,76000.0,0.0,76000.0,40000.0,38000.0,,,,O,U,
C00848440,PROTECT PROGRESS,OTHER,DEM,1.0,0.0,69074492.0,0.0,31735000.0,69074492.0,38036003.06,34535912.31,,,,O,U,
C00870030,MARYLAND'S FUTURE,OTHER,DEM,0.9734971828129361,0.0,53313460.0,715966.0,0.0,54029426.0,30638186.03,27014740.16,,,,O,U,
C00870295,AMERICANS FIRST,OTHER,REP,1.0,0.0,0.0,19208.0,0.0,19208.0,11730.0,9606.33,,,,O,U,
C00870311,LISTEN TO US,OTHER,BIPARTISAN,0.7036644968295098,0.0,1293940.0,225068.0,270000.0,1519008.0,992324.04,607734.79,,,,O,U,
C00870592,FIX WASHINGTON PAC,OTHER,DEM,0.8971408476114596,0.0,31483428.0,1706968.0,200000.0,33190396.0,17304980.58,16581630.12,,,,O,U,
C00870642,AMERICA FIRST PRIORITIES PAC,OTHER,REP,1.0,0.0,0.0,43820.0,0.0,43820.0,27000.0,21910.0,,,,O,U,
C00870717,COMMON SENSE ALABAMA,OTHER,REP,1.0,0.0,0.0,134000.0,0.0,134000.0,82400.0,67001.35,,,,O,U,
C00870766,OHIO TRUTH PAC,OTHER,REP,1.0,0.0,0.0,746730.0,1150000.0,746730.0,828793.25,373365.0,,,,O,U,
C00871012,MAKE MONTANA GREAT,OTHER,DEM,1.0,0.0,379000.0,0.0,0.0,379000.0,205000.0,189500.0,,,,O,U,
C00871079,LEADERSHIP WITH INTEGRITY PAC,OTHER,DEM,1.0,0.0,1769764.0,0.0,0.0,1769764.0,1090000.0,884886.14,,,,O,U,
C00841593,TELL IT LIKE IT IS PAC,OTHER,REP,1.0,0.0,0.0,15461392.0,41986.0,15461392.0,13869800.88,7739200.57,,,,O,U,
C00854299,BOLD AMERICA,OTHER,BIPARTISAN,0.025488607513244464,0.0,1779676.0,1691208.0,250000.0,3470884.0,2135737.76,1649090.51,,,,O,U,
C00854448,UTAHNS FOR LIBERTY,OTHER,REP,1.0,0.0,0.0,111000.0,0.0,111000.0,365000.0,55500.0,,,,O,U,
C00854869,OVRSITE PAC,OTHER,DEM,0.8276421551257903,0.0,980000.0,92420.0,0.0,1072420.0,662000.0,536210.1,,,,O,U,
C00854893,RAILROADERS FOR PUBLIC SAFETY,OTHER,REP,1.0,0.0,0.0,330420.0,2763980.0,330420.0,4304866.23,1377216.59,,,,O,U,
C00855064,CONSERVATIVE VALUES FOR UTAH,OTHER,REP,1.0,0.0,0.0,10684252.0,275000.0,10684252.0,6243822.09,5342129.42,,,,O,U,
C00855171,DARE DEFEND OUR RIGHTS PAC,OTHER,REP,1.0,0.0,0.0,205500.0,0.0,205500.0,147500.0,102750.0,,,,O,U,
C00855213,SOUTH ALABAMA CONSERVATIVES PAC,OTHER,REP,1.0,0.0,0.0,1889328.0,375000.0,1889328.0,1144253.04,912664.0,,,,O,U,
C00855379,AMERICA'S PROMISE,OTHER,DEM,1.0,0.0,778172.0,0.0,0.0,778172.0,738228.26,389086.25,,,,O,U,
C00855577,DEFEND ALABAMA,OTHER,REP,1.0,0.0,0.0,148756.0,0.0,148756.0,85500.0,74379.08,,,,O,U,
C00871327,VOTE UNCOMMITTED MN,OTHER,DEM,1.0,0.0,23106.0,0.0,0.0,23106.0,26804.01,11553.71,,,,O,U,
C00871368,PROJECT 218,OTHER,DEM,1.0,0.0,20811170.0,0.0,3375818.0,20811170.0,17665994.36,10495997.74,,,,O,U,
C00871566,MOVING MICHIGAN FORWARD,OTHER,DEM,1.0,0.0,75000.0,0.0,0.0,75000.0,87035.0,27500.0,,,,O,U,
C00871988,VOICE FOR NEW YORK,OTHER,DEM,1.0,0.0,466680.0,0.0,0.0,466680.0,438500.0,233340.0,,,,O,U,
C00872085,SOUTH CAROLINA PATRIOTS PAC,OTHER,REP,1.0,0.0,0.0,7643878.0,4126023.0,7643878.0,4058500.0,3819813.7,,,,O,U,
C00872119,VIRGINIANS FOR FREEDOM,OTHER,REP,1.0,0.0,0.0,1371774.0,151750.0,1371774.0,831750.0,761764.67,,,,O,U,
C00872127,LOWCOUNTRY CONSERVATIVES,OTHER,REP,1.0,0.0,0.0,990486.0,0.0,990486.0,515000.0,495244.11,,,,O,U,
C00872150,ROCKY MOUNTAIN VALUES PAC,OTHER,REP,1.0,0.0,0.0,1878300.0,0.0,1878300.0,925066.64,846216.09,,,,O,U,
C00872200,VIRGINIA PATRIOTS FOR FREEDOM,OTHER,REP,1.0,0.0,0.0,47168.0,100460.0,47168.0,55000.0,46792.95,,,,O,U,
C00872226,BUCKEYE PATRIOT ALLIANCE,OTHER,REP,1.0,0.0,0.0,80000.0,0.0,80000.0,45000.0,40000.0,,,,O,U,
C00872275,SOUTHERN ILLINOIS WORKING FAMILIES PAC,OTHER,REP,1.0,0.0,0.0,39278.0,355.0,39278.0,25000.0,19640.38,,,,O,U,
C00872457,RESTORING STANDARDS PAC,OTHER,REP,1.0,0.0,0.0,136660.0,0.0,136660.0,82907.0,68330.15,,,,O,U,
C00872507,BRIGHTER FUTURE ND,OTHER,REP,1.0,0.0,0.0,215266.0,0.0,215266.0,123551.0,107633.0,,,,O,U,
C00872549,BATTLEGROUND CALIFORNIA,OTHER,DEM,1.0,0.0,132610.0,0.0,3704000.0,132610.0,4163647.13,61664.14,,,,O,U,
C00872655,ACLU VOTER EDUCATION FUND,OTHER,REP,1.0,0.0,0.0,2006956.0,1000000.0,2006956.0,6895514.09,1003478.37,,,,O,U,
C00848739,"DEFENDING AMERICA PAC, INC.",OTHER,REP,1.0,0.0,0.0,535758.0,55000.0,535758.0,425000.0,267879.0,,,,O,U,
C00849489,KEYSTONE RENEWAL PAC,OTHER,BIPARTISAN,0.45208797117243915,0.0,70040184.0,26428054.0,12321708.0,96468238.0,61995153.12,54394982.49,,,,O,U,
C00849729,LAST BEST PLACE PAC,OTHER,REP,0.8942123071646593,0.0,3577340.0,64055102.0,685995.0,67632442.0,41580000.0,33816255.22,,,,O,U,
C00849877,UNIFY COLORADO,OTHER,REP,1.0,0.0,0.0,116000.0,10000.0,116000.0,101682.87,58000.0,,,,O,U,
C00855775,RED STATE BLUE RESOURCES,OTHER,REP,1.0,0.0,0.0,7000.0,0.0,7000.0,200.0,3500.0,,,,O,U,
C00855809,PATRIOTS PREVAIL PAC,OTHER,REP,1.0,0.0,0.0,758328.0,9377.0,758328.0,517650.0,379164.6,,,,O,U,
C00855924,CONSERVATIVE AMERICANS PAC,OTHER,REP,1.0,0.0,0.0,1765840.0,20000.0,1765840.0,1461601.89,882921.09,,,,O,U,
C00856385,BEEHIVE VALUES PAC,OTHER,REP,1.0,0.0,0.0,194340.0,0.0,194340.0,178462.78,97170.86,,,,O,U,
C00856427,SCREAMING EAGLE PAC INC.,OTHER,DEM,1.0,0.0,1244700.0,0.0,575000.0,1244700.0,2061720.91,622350.0,,,,O,U,
C00856435,THE FUTURE - TODAY & TOMORROW,OTHER,BIPARTISAN,0.4827586206896552,0.0,25800.0,9000.0,0.0,34800.0,31700.29,17400.0,,,,O,B,
C00856559,CONSERVATIVES FOR ACTION PAC,OTHER,REP,1.0,0.0,0.0,56984.0,0.0,56984.0,43670.0,26156.71,,,,O,U,
C00867770,WE THE PEOPLE 2024,OTHER,DEM,1.0,0.0,11332.0,0.0,0.0,11332.0,7242.38,5666.5,,,,O,U,
C00867861,TAKE BACK YOUR LIBERTY,OTHER,REP,1.0,0.0,0.0,585104.0,0.0,585104.0,374270.03,292558.0,,,,O,U,
C00867945,PROGRESSIVE SOURCE PAC,OTHER,REP,1.0,0.0,0.0,98446.0,0.0,98446.0,150875.0,49228.89,,,,O,U,
C00868026,"AMERICA'S FIRST FREEDOMS, INC.",OTHER,REP,1.0,0.0,0.0,808592.0,50000.0,808592.0,507361.5,404297.4,,,,O,U,
C00868083,ARIZONANS FOR CONSERVATIVE LEADERSHIP,OTHER,REP,1.0,0.0,0.0,154110.0,0.0,154110.0,90000.32,77057.59,,,,O,U,
C00868448,"CLEAR CHOICE PAC, INC",OTHER,NON_PARTISAN,0.0,0.0,0.0,0.0,61502.0,0.0,629130.0,30753.04,,,,O,U,
C00887042,WORKERS EN ACCION PAC,OTHER,DEM,1.0,0.0,35554.0,0.0,0.0,35554.0,217929.5,13188.05,,,,O,U,
C00887141,NY COMMON GROUND,OTHER,DEM,1.0,0.0,3929340.0,0.0,0.0,3929340.0,2000000.0,1964670.6,,,,O,U,
C00887182,PLANNED PARENTHOOD VOTES NORTH CAROLINA,OTHER,REP,0.8850372682198714,0.0,108444.0,1778150.0,0.0,1886594.0,4230341.91,942418.03,,,,O,U,
C00887208,FTW PAC,OTHER,REP,1.0,0.0,0.0,147928.0,0.0,147928.0,100911.03,73975.58,,,,O,U,
C00887414,BLACK LEADERSHIP FEDERAL PAC,OTHER,DEM,1.0,0.0,1515368.0,0.0,0.0,1515368.0,1155510.0,757685.29,,,,O,U,
C00887703,STICKER PAC,OTHER,REP,1.0,0.0,0.0,1410350.0,0.0,1410350.0,724353.99,504176.07,,,,O,U,
C00887729,AMERICAN RESOLVE PAC INC.,OTHER,REP,1.0,0.0,0.0,281010.0,0.0,281010.0,455994.75,118220.55,,,,O,U,
C00887745,WIN USA PAC LLC,OTHER,REP,1.0,0.0,0.0,88176.0,0.0,88176.0,51669.49,44088.47,,,,O,U,
C00887778,MOVING MONTANA FORWARD,OTHER,BIPARTISAN,0.23411051476499858,0.0,340770.0,211482.0,0.0,552252.0,571075.01,249929.55,,,,O,U,
C00887851,WE DECIDE,OTHER,DEM,1.0,0.0,865282.0,0.0,23504.0,865282.0,525000.0,444394.0,,,,O,U,
C00887901,MAKE AMERICA HEALTHY AGAIN (MAHA) PAC,OTHER,REP,1.0,0.0,0.0,65694.0,0.0,65694.0,326363.74,32847.6,,,,O,U,
C00888081,FOR OUR FREEDOM,OTHER,BIPARTISAN,0.3440144747035922,0.0,1337830.0,2741010.0,9180.0,4078840.0,1580768.36,1578162.9,,,,O,U,
C00888115,FAY-WEST CONCERNED CITIZENS,OTHER,NON_PARTISAN,0.0,0.0,0.0,0.0,3541.0,0.0,3590.0,3542.21,,,,O,U,
C00888172,MAHA ALLIANCE,OTHER,BIPARTISAN,0.08944109435599926,0.0,4116584.0,4925300.0,738500.0,9041884.0,8403816.8,4390195.1,,,,O,U,
C00888214,MAKE AMERICA NICE AGAIN ,OTHER,NON_PARTISAN,0.0,0.0,0.0,0.0,975.0,0.0,1500.0,975.0,,,,U,U,
C00857011,FIGHT RIGHT INC,OTHER,REP,1.0,0.0,0.0,21106880.0,3375000.0,21106880.0,14739207.16,10553442.0,,,,O,U,
C00857177,GRANITE FOR AMERICA,OTHER,DEM,1.0,0.0,3346312.0,0.0,0.0,3346312.0,2025000.0,1666389.71,,,,O,U,
C00857383,PASS THE TORCH USA INC,OTHER,DEM,1.0,0.0,914890.0,0.0,0.0,914890.0,1229837.39,457452.6,,,,O,U,
C00857425,RENEWING OUR NATION,OTHER,REP,1.0,0.0,0.0,566550.0,0.0,566550.0,300000.0,283275.0,,,,O,U,
C00858381,INDEPENDENTS MOVING THE NEEDLE,OTHER,REP,1.0,0.0,0.0,3050480.0,0.0,3050480.0,1900041.26,1513612.98,,,,O,U,
C00842344,BEST OF AMERICA PAC,OTHER,REP,0.9699176531367542,0.0,571864.0,37448042.0,0.0,38019906.0,24148568.85,19009955.72,,,,O,U,
C00842443,PROGRESS RHODE ISLAND,OTHER,DEM,1.0,0.0,250180.0,0.0,0.0,250180.0,139500.0,125090.08,,,,O,U,
C00842575,OPERATION SAVING DEMOCRACY,OTHER,DEM,1.0,0.0,150000.0,0.0,0.0,150000.0,960405.21,75000.0,,,,O,U,
C00842740,CA PROGRESSIVE PAC,OTHER,DEM,1.0,0.0,214000.0,0.0,0.0,214000.0,160500.0,107000.0,,,,O,U,
C00882779,NORTH STAR VALUES,OTHER,BIPARTISAN,0.7393636837791521,0.0,10494.0,70032.0,0.0,80526.0,50000.0,40265.6,,,,O,U,
C00882936,MAKING MISSOURI BETTER,OTHER,NON_PARTISAN,0.0,0.0,0.0,0.0,18000.0,0.0,55000.0,9000.0,,,,O,U,
C00882944,PASS THE TORCH,OTHER,DEM,1.0,0.0,87634.0,0.0,0.0,87634.0,399106.34,43817.5,,,,O,U,
C00883165,TENNESSEE VOTER PROJECT,OTHER,DEM,1.0,0.0,372.0,0.0,0.0,372.0,13340.44,186.58,,,,O,U,
C00883207,NATIONAL INTEREST PAC,OTHER,REP,1.0,0.0,0.0,2219182.0,0.0,2219182.0,863000.0,831874.7,,,,O,U,
C00883215,OUR DEMOCRACY PAC,OTHER,DEM,1.0,0.0,27100.0,0.0,0.0,27100.0,15359.08,13576.68,,,,O,U,
C00883322,THE L & C COALITION,OTHER,BIPARTISAN,0.5745371096710374,0.0,160000.0,592122.0,0.0,752122.0,486850.0,376061.0,,,,O,U,
C00883330,PROTECT AMERICA PAC,OTHER,DEM,1.0,0.0,213000.0,0.0,0.0,213000.0,110625.0,106500.0,,,,O,U,
C00883405,AD ASTRA PAC,OTHER,REP,1.0,0.0,0.0,155940.0,0.0,155940.0,76316.88,59322.8,,,,O,U,
C00883520,TURNOUT FOR AMERICA,OTHER,BIPARTISAN,0.0,0.0,2520002.0,2520002.0,200000.0,5040004.0,45670092.93,2109156.45,,,,O,U,
C00883561,COLLEGE REPUBLICANS OF AMERICA,OTHER,REP,1.0,0.0,0.0,378960.0,0.0,378960.0,99321.59,42645.57,,,,O,U,
C00883660,"CATHOLICS FOR THE FUTURE, INC.",OTHER,DEM,1.0,0.0,80338.0,0.0,0.0,80338.0,134210.49,40052.81,,,,O,U,
C00883785,DEFEAT THE EXTREME FUND,OTHER,REP,1.0,0.0,0.0,456048.0,0.0,456048.0,1297415.6,228024.82,,,,O,U,
C00883827,CIVIC TRUTH ACTION,OTHER,NON_PARTISAN,0.0,0.0,0.0,0.0,12418650.0,0.0,6395000.0,6209326.48,,,,O,U,
C00884015,AMERICANS FOR 21ST CENTURY TECHNOLOGY,OTHER,DEM,1.0,0.0,11090.0,0.0,0.0,11090.0,20554.7,5545.37,,,,O,U,
C00884023,AAPI FORWARD,OTHER,DEM,1.0,0.0,81788.0,0.0,0.0,81788.0,101996.45,30729.63,,,,O,U,
C00773390,SUPPORT AMERICA'S POLICE PAC,OTHER,BIPARTISAN,0.08261039564038024,0.0,300324.0,354412.0,0.0,654736.0,1240576.33,285478.06,,,,O,U,
C00844548,CITIZENS FOR VIRGINIA PAC,OTHER,REP,1.0,0.0,0.0,75000.0,0.0,75000.0,75000.0,37500.0,,,,O,U,
C00844613,WIN IT BACK PAC,OTHER,BIPARTISAN,0.607194208831703,0.0,86429956.0,21123886.0,16146602.0,107553842.0,61982436.97,54062372.99,,,,O,U,
C00845685,LEADERSHIP FOR OHIO FUND,OTHER,REP,1.0,0.0,0.0,10955958.0,0.0,10955958.0,6536663.04,5477980.7,,,,O,U,
C00845693,COMMITTEE FOR A BETTER RHODE ISLAND,OTHER,DEM,1.0,0.0,162000.0,0.0,0.0,162000.0,100000.0,81000.0,,,,O,U,
C00845776,CITIZENS TO SAVE OUR REPUBLIC,OTHER,NON_PARTISAN,0.0,0.0,0.0,0.0,299000.0,0.0,358863.0,112000.0,,,,O,B,
C00844282,PIVOTPAC,OTHER,DEM,0.8768702474975046,0.0,7880432.0,516986.0,0.0,8397418.0,5041250.43,4198730.82,,,,O,U,
C00844290,FAIR DEAL DEMOCRATS,OTHER,DEM,1.0,0.0,2328.0,0.0,0.0,2328.0,4881.34,1165.44,,,,O,U,
C00862094,"GREAT OPPORTUNITY PAC, INC.",OTHER,BIPARTISAN,0.0,0.0,930000.0,930000.0,50000.0,1860000.0,1495044.64,930000.0,,,,O,U,
C00872705,D2 PAC,OTHER,BIPARTISAN,0.6935319322587227,0.0,8300.0,1502.0,0.0,9802.0,9371.51,4905.1,,,,O,U,
C00872838,PRINCIPLED LEADERS PAC,OTHER,REP,1.0,0.0,0.0,289000.0,0.0,289000.0,95000.0,75000.0,,,,O,U,
C00873398,LEAD THE WAY PAC INC.,OTHER,REP,1.0,0.0,0.0,116578.0,0.0,116578.0,143741.89,58289.0,,,,O,U,
C00873638,CHAMPIONS OF FREEDOM PAC,OTHER,REP,1.0,0.0,0.0,146778.0,214808.0,146778.0,219700.0,123295.94,,,,O,U,
C00873679,TOGETHER FOR PROGRESS 2024,OTHER,BIPARTISAN,0.24190106976676057,0.0,621068.0,1017420.0,0.0,1638488.0,986703.68,819260.39,,,,O,U,
C00873877,SOLIDARITY VICTORY PAC,OTHER,DEM,1.0,0.0,1537298.0,0.0,0.0,1537298.0,1148878.69,322770.78,,,,O,U,
C00873901,THE WISCO PROJECT PAC,OTHER,BIPARTISAN,0.27272532668798943,0.0,3448406.0,1970526.0,30000.0,5418932.0,3017950.28,2709502.7,,,,O,U,
C00874156,MISSOURI CONSERVATIVES FOR CONGRESS PAC,OTHER,REP,1.0,0.0,0.0,3562310.0,0.0,3562310.0,1744990.0,1249386.37,,,,O,U,
C00845974,DUTY SERVICE HONOR,OTHER,REP,1.0,0.0,0.0,183552.0,0.0,183552.0,130100.0,91789.62,,,,O,U,
C00846428,UNITED FOR COMMON SENSE,OTHER,REP,0.8954585295208575,0.0,44250.0,802304.0,0.0,846554.0,507651.77,417008.85,,,,O,U,
C00847145,STATE ACTION FUND PAC INC.,OTHER,BIPARTISAN,0.11109566939575401,0.0,4972832.0,3978390.0,570000.0,8951222.0,5784437.73,4475620.11,,,,O,U,
C00830463,AMERICAN HONOR PAC,OTHER,REP,1.0,0.0,0.0,261180.0,0.0,261180.0,115.38,130591.0,,,,O,U,
C00831248,UNLEASH AMERICA PAC,OTHER,REP,1.0,0.0,0.0,216510.0,0.0,216510.0,297426.27,85755.48,,,,O,U,
C00831404,"WITH HONOR FUND II, INC.",OTHER,BIPARTISAN,0.15994030942752466,0.0,5123976.0,3710920.0,7270000.0,8834896.0,12107943.89,4591519.2,,,,O,U,
C00831552,"AMERICA STRONG AND FREE ACTION, INC.",OTHER,REP,1.0,0.0,0.0,2279230.0,0.0,2279230.0,2858393.8,1139628.67,,,,O,U,
C00834630,BUCKEYE VALUES PAC,OTHER,DEM,0.807609985795731,0.0,28612738.0,3045350.0,0.0,31658088.0,17103049.6,15829048.66,,,,O,U,
C00834754,"VOTE LOCAL, VOTE BLUE",OTHER,BIPARTISAN,0.7948717948717948,0.0,960.0,8400.0,0.0,9360.0,32675.0,4680.0,,,,O,U,
C00834945,FIRST FREEDOMS FOUNDATION PAC,OTHER,REP,1.0,0.0,0.0,7964.0,0.0,7964.0,4525.0,3982.01,,,,O,U,
C00835041,FORWARD BLUE,OTHER,DEM,0.8123677527970319,0.0,8055614.0,833988.0,47846.0,8889602.0,22001725.85,4401371.3,,,,O,U,
C00835066,RURAL USA PAC,OTHER,REP,1.0,0.0,0.0,72510.0,0.0,72510.0,57689.0,36255.4,,,,O,U,
C00874404,AMERICAN DEMOCRACY LAB,OTHER,BIPARTISAN,0.1963426942943656,0.0,67680.0,100750.0,0.0,168430.0,150000.0,44149.57,,,,O,U,
C00874503,SPEAK FREE OR DIE PAC,OTHER,REP,1.0,0.0,0.0,2057950.0,0.0,2057950.0,1095000.0,1028979.89,,,,O,U,
C00874529,AMERICANS FOR PARENTAL RIGHTS,OTHER,REP,1.0,0.0,0.0,38000.0,0.0,38000.0,34400.0,19000.0,,,,O,U,
C00874750,GEN-DEMOCRACY,OTHER,DEM,1.0,0.0,581580.0,0.0,0.0,581580.0,971410.39,230724.6,,,,O,U,
C00874784,RISE UNITED,OTHER,BIPARTISAN,0.0,0.0,62496.0,62496.0,250000.0,124992.0,384009.43,62500.0,,,,O,U,
C00874842,VIRGINIA DEMOCRATIC ACTION PAC,OTHER,DEM,1.0,0.0,374564.0,0.0,0.0,374564.0,219086.04,187282.72,,,,O,U,
C00874875,VOTERS FOR RESPONSIVE GOVERNMENT (VRG),OTHER,DEM,1.0,0.0,6491624.0,0.0,1935122.0,6491624.0,3953704.02,3245816.88,,,,O,U,
C00874941,HOOSIER CONSERVATIVE ACTION PAC,OTHER,REP,1.0,0.0,0.0,77596.0,0.0,77596.0,40000.0,38799.98,,,,O,U,
C00875005,PROGRESS FOR ALABAMA,OTHER,DEM,1.0,0.0,93200.0,0.0,0.0,93200.0,65500.0,46600.0,,,,O,U,
C00875039,HIGH PLAINS PAC,OTHER,REP,1.0,0.0,0.0,1894880.0,110000.0,1894880.0,1396331.35,947440.0,,,,O,U,
C00875328,TRUE PATRIOTS PA,OTHER,REP,1.0,0.0,0.0,182588.0,0.0,182588.0,100000.0,91296.65,,,,U,U,
C00875443,ALLIANCE FOR BLACK EQUALITY,OTHER,REP,1.0,0.0,0.0,120000.0,30000.0,120000.0,206054.5,90000.0,,,,O,U,
C00875450,CENTER FORWARD INITIATIVE INC,OTHER,REP,1.0,0.0,0.0,782530.0,0.0,782530.0,427000.0,391272.8,,,,O,U,
C00875526,MAKE DC LISTEN PAC,OTHER,REP,1.0,0.0,0.0,1891828.0,475000.0,1891828.0,988700.0,945915.08,,,,O,U,
C00839159,TEAM WEST VIRGINIA,OTHER,REP,0.8806587361706093,0.0,129346.0,2038320.0,26000.0,2167666.0,2541200.0,708842.18,,,,O,U,
C00839464,COMMITTED TO AMERICA PAC,OTHER,REP,1.0,0.0,0.0,6150448.0,0.0,6150448.0,5378938.5,3075231.22,,,,O,U,
C00858779,"WE DESERVE BETTER, INC.",OTHER,DEM,1.0,0.0,538898.0,0.0,6394394.0,538898.0,5230656.84,2905066.39,,,,O,U,
C00859355,BATTLEGROUND NEW YORK,OTHER,DEM,0.94089495917858,0.0,15117724.0,460372.0,1990000.0,15578096.0,7738434.79,5851515.84,,,,O,U,
C00859611,RING THE BELL,OTHER,DEM,1.0,0.0,228698.0,0.0,0.0,228698.0,169650.0,114349.89,,,,O,U,
C00859660,NEW DEMOCRAT MAJORITY,OTHER,DEM,0.8219607525875887,0.0,1441324.0,140844.0,15000.0,1582168.0,989056.75,741088.11,,,,O,U,
C00875625,WIN FOR DEMOCRACY PAC,OTHER,DEM,1.0,0.0,55310.0,0.0,0.0,55310.0,150000.0,27655.0,,,,O,U,
C00875815,CALIFORNIANS FOR CHOICE,OTHER,REP,0.9219786033477817,0.0,153522.0,3781860.0,202500.0,3935382.0,6181944.33,1929315.92,,,,O,U,
C00875856,COMMONWEALTH UNITY FUND,OTHER,BIPARTISAN,0.6135198245605725,0.0,815964.0,3406576.0,0.0,4222540.0,2623999.79,2111275.41,,,,O,U,
C00876094,UNITY FIRST PAC,OTHER,REP,1.0,0.0,0.0,980000.0,0.0,980000.0,768000.0,490000.0,,,,O,U,
C00876128,COMMON SENSE COMMON GROUND PAC,OTHER,DEM,1.0,0.0,213244.0,0.0,10000.0,213244.0,116663.0,97823.0,,,,O,U,
C00876177,ENCINITAS CITIZEN REVIEW PANEL,OTHER,NON_PARTISAN,0.0,0.0,0.0,0.0,3433.0,0.0,13150.0,1108.0,,,,O,U,
C00876482,RETIRE CAREER POLITICIANS,OTHER,REP,1.0,0.0,0.0,14466816.0,20774130.0,14466816.0,18499651.33,17175380.13,,,,O,U,
C00876656,A SAFER STRONGER OREGON PAC,OTHER,DEM,1.0,0.0,154080.0,0.0,0.0,154080.0,93791.02,77040.0,,,,O,U,
C00876854,BARDO,OTHER,DEM,1.0,0.0,365580.0,0.0,0.0,365580.0,215471.5,172790.48,,,,O,U,
C00850032,DEPROGRAM AMERICA,OTHER,REP,1.0,0.0,0.0,32236.0,0.0,32236.0,127029.47,16144.55,,,,O,U,
C00850081,JERSEY DESERVES BETTER PAC,OTHER,REP,1.0,0.0,0.0,174936.0,75000.0,174936.0,101000.0,87469.75,,,,O,U,
C00850487,CONSERVATIVE LEADERS OF AMERICA,OTHER,REP,1.0,0.0,0.0,81394.0,0.0,81394.0,45600.0,40697.26,,,,O,U,
C00851279,VICTORY COALITION,OTHER,DEM,1.0,0.0,8720.0,0.0,0.0,8720.0,9600.0,4360.5,,,,O,U,
C00860106,SOUTHERN OHIO CONSERVATIVES PAC,OTHER,REP,1.0,0.0,0.0,160112.0,0.0,160112.0,96000.0,80059.6,,,,O,U,
C00860148,WEST MICHIGAN FOR CHANGE,OTHER,REP,0.9163224476444769,0.0,66000.0,1511484.0,0.0,1577484.0,1000000.0,788746.59,,,,O,U,
C00860155,MONTANA OUTDOOR VALUES ACTION FUND,OTHER,DEM,1.0,0.0,10083186.0,0.0,0.0,10083186.0,5272011.31,5041597.05,,,,O,U,
C00860312,AMERICA FIRST NORTH CAROLINA,OTHER,REP,1.0,0.0,0.0,135470.0,0.0,135470.0,90000.0,67736.53,,,,O,U,
C00860411,FREEDOM FOR THE PEOPLE PAC,OTHER,DEM,1.0,0.0,240000.0,0.0,50000.0,240000.0,223150.0,120000.0,,,,O,U,
C00877027,THE SENECA PROJECT INC,OTHER,BIPARTISAN,0.30465513039239583,0.0,42824.0,22824.0,25000.0,65648.0,554833.02,32825.0,,,,O,U,
C00877670,CAAG PAC,OTHER,REP,1.0,0.0,0.0,18152.0,7156.0,18152.0,84200.0,16235.36,,,,O,U,
C00877753,AMERICAN FREEDOM PAC (AFPAC),OTHER,DEM,1.0,0.0,163522.0,0.0,0.0,163522.0,162800.0,81767.1,,,,O,U,
C00877787,SAVE OUR COUNTRY,OTHER,REP,1.0,0.0,0.0,5300000.0,0.0,5300000.0,2660407.5,2650000.0,,,,O,U,
C00877886,1000 WOMEN STRONG PAC,OTHER,DEM,1.0,0.0,262292.0,0.0,0.0,262292.0,295000.0,131149.36,,,,O,U,
C00877936,BLUE HORIZON ACTION,OTHER,DEM,1.0,0.0,143756.0,0.0,10000.0,143756.0,104000.0,71878.0,,,,O,U,
C00878041,HEALTH EQUITY NOW,OTHER,DEM,1.0,0.0,1099920.0,0.0,0.0,1099920.0,555106.0,549960.0,,,,O,U,
C00878215,KANSAS CONSERVATIVE FUND,OTHER,REP,1.0,0.0,0.0,112362.0,0.0,112362.0,60900.0,56183.71,,,,O,U,
C00878264,CONSERVATIVE FUTURE FUND,OTHER,REP,0.9620281523278641,0.0,10000.0,516706.0,0.0,526706.0,1614342.14,263354.26,,,,O,U,
C00851410,PROTECT LIBERTY PAC,OTHER,REP,1.0,0.0,0.0,613326.0,0.0,613326.0,563400.25,306666.0,,,,O,U,
C00852244,POLE POSITION PAC,OTHER,BIPARTISAN,0.0170705678523748,0.0,910000.0,941608.0,0.0,1851608.0,1301000.0,920812.22,,,,O,U,
C00863084,GOOD FIGHT,OTHER,REP,0.9300032323779026,0.0,232790.0,6418660.0,10419.0,6651450.0,3350000.0,3325728.0,,,,O,U,
C00863415,"VIA POLITICAL ACTION COMMITTEE, LLC",OTHER,REP,1.0,0.0,0.0,7400.0,0.0,7400.0,4253.48,3700.0,,,,O,U,
C00863456,VIRGINIANS UNITED FOR PROGRESS,OTHER,DEM,1.0,0.0,68000.0,0.0,0.0,68000.0,80000.0,34000.0,,,,O,U,
C00863548,GREENPEACE USA VOTES,OTHER,BIPARTISAN,0.19028426583274252,0.0,83374.0,122560.0,0.0,205934.0,1474645.21,102974.41,,,,O,B,
C00864017,NEVADA FIRST,OTHER,REP,1.0,0.0,0.0,21500.0,0.0,21500.0,25000.0,10750.0,,,,O,U,
C00864058,PART OF THE SOLUTION PAC,OTHER,DEM,1.0,0.0,495570.0,0.0,0.0,495570.0,293500.0,247785.0,,,,O,U,
C00864173,VIRGINIANS FOR CONSERVATIVE LEADERSHIP,OTHER,REP,1.0,0.0,0.0,96504.0,0.0,96504.0,76778.38,48253.77,,,,O,U,
C00864215,RIGHT FOR NC,OTHER,REP,1.0,0.0,0.0,282252.0,0.0,282252.0,153031.0,141129.6,,,,O,U,
C00864272,NEXT GENERATION VETERAN FUND,OTHER,DEM,1.0,0.0,2886768.0,0.0,1507384.0,2886768.0,1727137.0,1433907.57,,,,O,U,
C00878520,"MOMS FOR SAFE NEIGHBORHOODS, INC.",OTHER,DEM,1.0,0.0,1588430.0,0.0,0.0,1588430.0,1035000.46,794215.2,,,,O,U,
C00878611,"CONSERVATIVES WITH CHARACTER, INC.",OTHER,REP,1.0,0.0,0.0,1361254.0,140000.0,1361254.0,824339.1,680627.6,,,,O,U,
C00878652,MWSA INC.,OTHER,REP,1.0,0.0,0.0,982638.0,100000.0,982638.0,581000.0,491326.34,,,,O,U,
C00878678,FIGHT FOR FLORIDA PAC,OTHER,NON_PARTISAN,0.0,0.0,0.0,0.0,617854.0,0.0,410000.0,296427.94,,,,O,U,
C00878686,PALMETTO VALUES,OTHER,REP,1.0,0.0,0.0,565794.0,260000.0,565794.0,325000.0,282897.14,,,,O,U,
C00878710,LET FREEDOM RING PAC,OTHER,REP,1.0,0.0,0.0,1826.0,0.0,1826.0,913.0,913.0,,,,O,U,
C00878728,DEMOCRACY WINS,OTHER,REP,1.0,0.0,0.0,19808.0,0.0,19808.0,674777.2,9904.8,,,,O,U,
C00878801,PRESERVE AMERICA PAC,OTHER,DEM,0.9990206716276712,0.0,224533752.0,110000.0,0.0,224643752.0,114790325.96,112321879.52,,,,O,U,
C00879072,OKLAHOMA VICTORY COMMITTEE,OTHER,DEM,0.9588638589618022,0.0,100000.0,2100.0,0.0,102100.0,320450.0,51050.0,,,,O,U,
C00879080,CITIZENS AGAINST AIPAC CORRUPTION,OTHER,DEM,1.0,0.0,27954.0,0.0,0.0,27954.0,61862.66,13978.79,,,,O,U,
C00879122,CONSERVLA,OTHER,BIPARTISAN,0.3559867574029796,0.0,14006.0,29490.0,0.0,43496.0,33200.0,21749.55,,,,O,U,
C00879189,PROTECT OUR CHILDREN PAC,OTHER,REP,1.0,0.0,0.0,48000.0,0.0,48000.0,27739.48,24000.0,,,,O,U,
C00879312,AZ PROGRESSIVE FUTURE,OTHER,DEM,1.0,0.0,65994.0,0.0,0.0,65994.0,47726.4,32997.48,,,,O,U,
C00879379,PENINSULA NEIGHBORS PAC,OTHER,DEM,1.0,0.0,447532.0,0.0,105640.0,447532.0,247500.0,219946.44,,,,O,U,
C00879510,AMERICA PAC,OTHER,BIPARTISAN,0.14205343881162455,0.0,148449826.0,197608618.0,1410824.0,346058444.0,263494648.67,173734996.5,,,,O,U,
C00879676,AMERICAN FREEDOM COALITION PAC,OTHER,REP,1.0,0.0,0.0,37000.0,0.0,37000.0,20000.0,18500.0,,,,O,U,
C00852996,"BETTER AMERICA UNDER CONSERVATIVES PAC, INC.",OTHER,REP,1.0,0.0,0.0,84100.0,0.0,84100.0,66000.0,42050.0,,,,O,U,
C00853119,VICTORY INCLUDES ACCOUNTABILITY BELIEVABILITY LEADERSHIP AND ELECTABILITY PAC (VIABLE PAC),OTHER,DEM,1.0,0.0,129990.0,0.0,0.0,129990.0,83500.0,65000.0,,,,O,U,
C00853523,"VOTE PLANNED PARENTHOOD NORTHERN CALIFORNIA, A PROJECT OF PLANNED PARENTHOOD NORTHERN CA ACTION FUND",OTHER,BIPARTISAN,0.7104083607509193,0.0,220942.0,37408.0,0.0,258350.0,123305.48,88309.38,,,,O,U,
C00853770,A STRONG INNOVATION ECONOMY REQUIRES STRONG IP PROTECTION,OTHER,REP,1.0,0.0,0.0,1087518.0,494400.0,1087518.0,950024.06,790960.91,,,,O,B,
C00853861,"GLCF, INC.",OTHER,BIPARTISAN,0.5762488007958882,0.0,8977120.0,33392648.0,500000.0,42369768.0,22577434.63,21184890.58,,,,O,U,
C00854059,ONE GIANT LEAP PAC,OTHER,DEM,1.0,0.0,200000.0,0.0,75000.0,200000.0,2180677.5,100000.0,,,,O,B,
C00864348,INTEGRITY LEADERSHIP FUND,OTHER,REP,1.0,0.0,0.0,2195910.0,1525047.0,2195910.0,1615005.0,1098457.31,,,,O,U,
C00864421,MINNESOTA DEMOCRATIC ACTION PAC,OTHER,NON_PARTISAN,0.0,0.0,0.0,0.0,17166.0,0.0,57044.0,8583.93,,,,O,U,
C00864926,AMERICA LEADS ACTION INC.,OTHER,REP,1.0,0.0,0.0,15357750.0,3913802.0,15357750.0,10264548.13,9635813.37,,,,O,U,
C00865055,SECURE NYS PAC,OTHER,DEM,0.9531032264980169,0.0,2915280.0,70000.0,25000.0,2985280.0,1556000.0,1457640.5,,,,O,U,
C00865238,TAXPAYERS AGAINST WOKENESS,OTHER,REP,1.0,0.0,0.0,64836.0,38474.0,64836.0,62500.0,51656.37,,,,O,U,
C00865246,FIGHTING FOR CALIFORNIANS,OTHER,DEM,1.0,0.0,513248.0,0.0,200000.0,513248.0,280000.0,255663.47,,,,O,U,
C00865352,NEW LEADERS 2024,OTHER,BIPARTISAN,0.2522993563527808,0.0,43330.0,72572.0,39602.0,115902.0,1846092.73,72330.82,,,,O,U,
C00865444,WINSENATE,OTHER,REP,0.8443454441350738,0.0,48452998.0,574117896.0,312915257.0,622570894.0,313145191.37,311285589.2,,,,O,U,
C00879965,DRIVING FORCE ACTION,OTHER,DEM,0.8879813302217037,0.0,1132600.0,67200.0,0.0,1199800.0,1099475.36,599900.0,,,,O,B,
C00879973,DEMOCRACY 2025,OTHER,DEM,1.0,0.0,2666000.0,0.0,0.0,2666000.0,2132395.0,1233000.0,,,,O,U,
C00880187,FAIR WISCONSIN FEDERAL PAC,OTHER,BIPARTISAN,0.058074906840144006,0.0,201030.0,178962.0,0.0,379992.0,205100.0,190000.81,,,,O,U,
C00880559,WORKING CLASS ACTION FUND,OTHER,REP,1.0,0.0,0.0,24800.0,0.0,24800.0,115500.0,12400.0,,,,O,U,
C00880682,PIVOT VICTORY FUND,OTHER,DEM,1.0,0.0,434086.0,0.0,75000.0,434086.0,164301.0,137043.6,,,,O,U,
C00880765,A BETTER WISCONSIN TOGETHER ACTION,OTHER,BIPARTISAN,0.6751861553357754,0.0,1661886.0,8570966.0,0.0,10232852.0,5373352.96,5083561.49,,,,O,U,
C00880815,GREATER GEORGIA ACTION,OTHER,BIPARTISAN,0.7000715284672624,0.0,159244.0,28094.0,0.0,187338.0,276800.42,93672.0,,,,O,U,
C00880849,VIRGINIANS AGAINST SEXUAL ASSAULT PAC,OTHER,DEM,1.0,0.0,27346.0,0.0,0.0,27346.0,19030.22,13673.4,,,,O,U,
C00880906,UNITED 2024,OTHER,BIPARTISAN,0.0,0.0,649576.0,649576.0,0.0,1299152.0,730850.0,649577.69,,,,O,U,
C00881011,UNITY & JUSTICE FUND,OTHER,BIPARTISAN,0.4505355218961911,0.0,17340.0,45776.0,41302.0,63116.0,113085.85,13628.01,,,,O,U,
C00736140,HOLD THE LINE PAC,OTHER,REP,1.0,0.0,0.0,53600.0,0.0,53600.0,40115.0,26800.0,,,,O,U,
C00736637,COMMITTEE TO PROTECT HEALTH CARE PAC,OTHER,BIPARTISAN,0.18468168968271811,0.0,495332.0,340896.0,0.0,836228.0,705684.58,418124.02,,,,O,U,
C00654608,SPIRIT OF 1776,OTHER,DEM,1.0,0.0,36860.0,0.0,0.0,36860.0,378837.75,18430.96,,,,O,U,
C00654764,AMERICAN VALUES FIRST,OTHER,REP,1.0,0.0,0.0,15714.0,215000.0,15714.0,725300.0,7858.48,,,,O,U,
C00692467,FOUR MORE YEARS PAC,OTHER,DEM,1.0,0.0,200000.0,0.0,0.0,200000.0,345993.0,100000.0,,,,O,U,
C00737411,THE GOVERNING MAJORITY FUND,OTHER,DEM,0.9677258306089254,0.0,977456.0,16032.0,40000.0,993488.0,675000.0,496758.8,,,,O,U,
C00693838,"MORE JOBS, LESS GOVERNMENT",OTHER,BIPARTISAN,0.2992868737757638,0.0,25854694.0,13943590.0,981692.0,39798284.0,22189742.0,19943506.23,,,,O,U,
C00715433,CONSTITUTIONAL LEADERSHIP PAC,OTHER,REP,1.0,0.0,0.0,291500.0,77000.0,291500.0,1869852.85,184250.0,,,,O,U,
C00738815,TAKEACTION MN FEDERAL FUND,OTHER,DEM,1.0,0.0,65378.0,0.0,296832.0,65378.0,185877.46,181367.93,,,,O,U,
C00739557,ASIAN AMERICAN ADVOCACY FUND PAC,OTHER,DEM,1.0,0.0,855978.0,0.0,130000.0,855978.0,636161.96,428067.78,,,,O,U,
C00739565,JERSEY REAL,OTHER,BIPARTISAN,0.5091076961597446,0.0,192870.0,62738.0,206648.0,255608.0,305000.0,231137.09,,,,O,U,
C00695528,AMERICA'S FUTURE MAJORITY FUND,OTHER,DEM,1.0,0.0,4259278.0,0.0,595.0,4259278.0,2200341.26,2129640.59,,,,O,U,
C00716704,PROTECT AND SERVE PAC,OTHER,BIPARTISAN,0.0,0.0,96922.0,96922.0,0.0,193844.0,127963.67,96927.02,,,,O,U,
C00740514,CONCERNED CITIZEN,OTHER,BIPARTISAN,0.3148741983226443,0.0,11110.0,21322.0,3959.0,32432.0,20423.27,19826.13,,,,O,U,
C00662072,DRAIN THE DC SWAMP PAC,OTHER,REP,1.0,0.0,0.0,135200.0,0.0,135200.0,48288.05,67600.37,,,,O,U,
C00662221,HOUSE FREEDOM ACTION,OTHER,BIPARTISAN,0.23861218126087083,0.0,2154592.0,3505052.0,1297808.0,5659644.0,4247699.41,3468250.92,,,,O,U,
C00718353,MILLIONS OF MICHIGANIANS,OTHER,BIPARTISAN,0.025747996005946874,0.0,4269356.0,4055020.0,0.0,8324376.0,4290745.8,4162190.59,,,,O,U,
C00718593,DEFEND TEXAS FUND,OTHER,BIPARTISAN,0.08825769942322342,0.0,100000.0,83780.0,0.0,183780.0,141124.55,91892.76,,,,O,U,
C00742080,"PLANNED PARENTHOOD ALLIANCE PAC , SERVING WA, AK, ID, HI, IN, KY",OTHER,BIPARTISAN,0.6463506274189769,0.0,203754.0,43768.0,7140.0,247522.0,209025.14,70635.58,,,,O,U,
C00742130,LATINO VOTE FOR AMERICA PAC,OTHER,DEM,1.0,0.0,12000.0,0.0,0.0,12000.0,9010.35,6000.0,,,,O,U,
C00663724,PLANNED PARENTHOOD VOTES OHIO,OTHER,DEM,1.0,0.0,128.0,0.0,216.0,128.0,391531.4,172.49,,,,O,U,
C00720029,EVERYDAY PEOPLE,OTHER,BIPARTISAN,0.4935099539416086,0.0,549304.0,186284.0,799049.0,735588.0,4757325.74,281485.92,,,,O,U,
C00699801,VETERANS AID PAC,OTHER,BIPARTISAN,0.002162555005561489,0.0,452294.0,450342.0,4296.0,902636.0,1554740.44,400056.08,,,,O,U,
C00701797,EQUALITY CALIFORNIA VOTES,OTHER,DEM,0.8078157567304111,0.0,1824896.0,194000.0,0.0,2018896.0,872743.0,791450.0,,,,O,U,
C00701805,AWAKE CAROLINA,OTHER,REP,1.0,0.0,0.0,949066.0,0.0,949066.0,279135.0,474538.41,,,,O,U,
C00756056,PROTECT THE VOTE,OTHER,DEM,1.0,0.0,89698.0,0.0,0.0,89698.0,1045333.0,44849.99,,,,O,U,
C00703082,ARTISTS UNITED FOR CHANGE,OTHER,REP,1.0,0.0,0.0,1252420.0,0.0,1252420.0,722377.05,626210.0,,,,O,U,
C00724203,SOMOS PAC,OTHER,DEM,0.9582583257224948,0.0,40027090.0,853206.0,610000.0,40880296.0,22707438.88,20440190.56,,,,O,U,
C00746107,PROGRESSNOW AZ - FEDERAL,OTHER,BIPARTISAN,0.02812247781653711,0.0,2067546.0,2187200.0,516500.0,4254746.0,4352117.42,2095787.18,,,,O,U,
C00746628,FUTURE PROGRESS,OTHER,BIPARTISAN,0.7368421052631579,0.0,100000.0,660000.0,0.0,760000.0,400000.0,380000.0,,,,O,U,
C00751859,LOCKE & KEY PAC,OTHER,NON_PARTISAN,0.0,0.0,0.0,0.0,60800.0,0.0,70000.0,30400.0,,,,O,U,
C00752048,LABORERS' INTERNATIONAL UNION OF NORTH AMERICA POLITICAL FUND,OTHER,BIPARTISAN,0.49494004955353377,0.0,4166226.0,1407544.0,6952000.0,5573770.0,10003000.0,2786934.92,,,,O,U,
C00752089,ARIZONA REPUBLICANS WHO BELIEVE IN TREATING OTHERS WITH RESPECT,OTHER,DEM,1.0,0.0,948106.0,0.0,0.0,948106.0,494643.18,474062.76,,,,O,U,
C00752378,OUR FUTURE UNITED,OTHER,DEM,1.0,0.0,605350.0,0.0,522500.0,605350.0,731763.0,532675.0,,,,O,U,
C00757294,INDEPENDENT ALASKA,OTHER,DEM,1.0,0.0,944086.0,0.0,0.0,944086.0,461567.42,410643.28,,,,O,U,
C00681825,LAW ENFORCEMENT FOR A SAFER AMERICA PAC,OTHER,BIPARTISAN,0.26366950182260024,0.0,606000.0,1040000.0,0.0,1646000.0,8366318.48,759000.0,,,,O,U,
C00707844,EDF ACTION VOTES,OTHER,BIPARTISAN,0.6998753111897675,0.0,3312740.0,18763018.0,6025000.0,22075758.0,19347890.9,10871401.77,,,,O,U,
C00747998,CARE IN ACTION PAC,OTHER,DEM,0.941831066000328,0.0,9330040.0,279488.0,2051500.0,9609528.0,6125055.78,4501895.04,,,,O,U,
C00683243,OHIOANS FOR A HEALTHY ECONOMY ACTION FUND,OTHER,NON_PARTISAN,0.0,0.0,0.0,0.0,1908505.0,0.0,2430000.0,1908505.6,,,,O,U,
C00709691,"NEW JOURNEY PAC, INC.",OTHER,REP,1.0,0.0,0.0,70090.0,0.0,70090.0,1407190.75,35045.0,,,,O,U,
C00753277,BLACK VOTERS MATTER ACTION PAC,OTHER,DEM,1.0,0.0,7874670.0,0.0,431200.0,7874670.0,4596294.36,3623633.16,,,,O,U,
C00684258,UNIDOSUS ACTION PAC,OTHER,DEM,1.0,0.0,1127058.0,0.0,250250.0,1127058.0,1008818.77,488742.82,,,,O,U,
C00684332,LIUNA MINNESOTA & NORTH DAKOTA/LABORERS' DISTRICT COUNCIL OF MINNESOTA & NORTH DAKOTA,OTHER,DEM,1.0,0.0,7398.0,0.0,1500.0,7398.0,1950.91,4449.45,,,,O,U,
C00684530,PLANNED PARENTHOOD OF MINNESOTA POLITICAL ACTION FUND,OTHER,BIPARTISAN,0.5574914971060326,0.0,652550.0,185400.0,390984.0,837950.0,1523877.93,614505.09,,,,O,U,
C00732172,SAVE AMERICA FUND,OTHER,DEM,1.0,0.0,1510790.0,0.0,45000.0,1510790.0,740154.7,562253.21,,,,O,U,
C00743377,LV STRONG,OTHER,REP,1.0,0.0,0.0,4500.0,0.0,4500.0,2750.0,2250.0,,,,O,U,
C00685693,CASA IN ACTION PAC,OTHER,DEM,0.8699742377996297,0.0,4996818.0,347446.0,235000.0,5344264.0,4062410.15,1748702.01,,,,O,U,
C00685768,OUR FUTURE IS BLACK PAC,OTHER,DEM,1.0,0.0,12006.0,0.0,0.0,12006.0,50.0,6004.84,,,,O,U,
C00712885,AMERICAN VETERANS INITIATIVE PAC,OTHER,BIPARTISAN,0.0,0.0,55800.0,55800.0,0.0,111600.0,1567456.64,39677.94,,,,O,U,
C00733352,AMERICANS 4 SECURITY PAC,OTHER,BIPARTISAN,0.47363326326872385,0.0,2207700.0,6180748.0,100000.0,8388448.0,4402607.24,4194225.6,,,,O,U,
C00734616,RED WHITE AND DEFINITELY BLUE,OTHER,DEM,1.0,0.0,14000.0,0.0,0.0,14000.0,0.0,7000.0,,,,O,U,
C00734657,TRUTH AND JUSTICE FUND COMPANY,OTHER,BIPARTISAN,0.36728921831569705,0.0,415200.0,897248.0,50000.0,1312448.0,816098.21,652727.99,,,,O,U,
C00754754,RURALVOTE.ORG,OTHER,DEM,0.9443758138292544,0.0,174708.0,4998.0,173812.0,179706.0,530807.16,126761.9,,,,O,U,
C00647966,RURAL FREEDOM NETWORK,OTHER,DEM,0.9759660664084352,0.0,837120.0,10182.0,0.0,847302.0,597750.19,423799.41,,,,O,U,
C00808121,BIG RED LEADERSHIP PAC,OTHER,BIPARTISAN,0.08849967844732627,0.0,3324204.0,2783660.0,0.0,6107864.0,3131148.0,2995931.0,,,,O,U,
C00808584,GRASSROOTS ACTION FUND,OTHER,REP,1.0,0.0,0.0,400000.0,0.0,400000.0,242180.33,200000.0,,,,O,U,
C00814202,NEW SOUTHERN MAJORITY IE PAC,OTHER,DEM,1.0,0.0,138354.0,0.0,0.0,138354.0,1700033.44,69178.8,,,,O,U,
C00816843,VOLUNTEERS FOR FREEDOM PAC,OTHER,REP,1.0,0.0,0.0,60400.0,8000.0,60400.0,66500.0,30200.0,,,,O,U,
C00811166,THE SENTINEL ACTION FUND,OTHER,BIPARTISAN,0.4178490981994606,0.0,6959178.0,16949324.0,1035000.0,23908502.0,37122617.11,11828541.98,,,,O,U,
C00815381,LIMITGOV PAC,OTHER,REP,1.0,0.0,0.0,26928.0,26560.0,26928.0,51100.0,26747.41,,,,O,U,
C00818161,GRANITE STATE LEADERSHIP FUND,OTHER,REP,1.0,0.0,0.0,337834.0,0.0,337834.0,207026.92,168918.0,,,,O,U,
C00819508,SAVE AMERICAN FREEDOM,OTHER,BIPARTISAN,0.470265030848567,0.0,269998.0,97280.0,0.0,367278.0,230000.0,183640.15,,,,O,U,
C00821280,NO BETTER FRIEND PAC,OTHER,REP,1.0,0.0,0.0,45990.0,0.0,45990.0,4737.37,15777.58,,,,O,U,
C00891234,CLAIMING OUR VOICES,OTHER,BIPARTISAN,0.45568652879738775,0.0,62858.0,23504.0,0.0,86362.0,400000.0,43184.45,,,,O,U,
C00891259,ZIONESS PAC,OTHER,DEM,1.0,0.0,1975614.0,0.0,0.0,1975614.0,988275.92,987807.92,,,,O,U,
C00891267,WE THE PEOPLE FOR DEMOCRACY,OTHER,UNCLASSIFIED,0.0,0.0,0.0,0.0,0.0,0.0,6020.0,4945.0,,,,O,U,
C00891275,PROGRESSIVE CENTURY PROJECT,OTHER,DEM,1.0,0.0,1862616.0,0.0,0.0,1862616.0,740000.0,589154.0,,,,O,U,
C00891283,WE THE PEOPLE DEMOCRATS FOR DEMOCRACY,OTHER,UNCLASSIFIED,0.0,0.0,0.0,0.0,0.0,0.0,5935.0,5231.0,,,,O,U,
C00891291,RBG PAC,OTHER,REP,1.0,0.0,0.0,40952000.0,0.0,40952000.0,20500000.0,20476000.0,,,,O,U,
C00891325,OAKLAND CORPS PAC,OTHER,BIPARTISAN,0.2523190812021142,0.0,493296.0,294516.0,75000.0,787812.0,625000.0,393906.1,,,,O,U,
C00891457,FRIENDS OF CD3,OTHER,REP,1.0,0.0,0.0,6038.0,0.0,6038.0,5676.0,3020.16,,,,O,U,
C00891549,AMERICA FIRST ACTION FUND,OTHER,BIPARTISAN,0.7770824020265236,0.0,298150.0,37400.0,0.0,335550.0,1150064.74,167778.07,,,,O,U,
C00891887,RED STATE NEBRASKA,OTHER,BIPARTISAN,0.0,0.0,50000.0,50000.0,0.0,100000.0,50000.0,50000.0,,,,O,U,
C00891895,FORWARD 24,OTHER,DEM,1.0,0.0,131770.0,0.0,6611.0,131770.0,75000.0,65885.91,,,,O,U,
C00891937,CHRONICALLY ILL AND DISABLED AMERICANS FOR PROGRESS,OTHER,REP,1.0,0.0,0.0,179630.0,0.0,179630.0,218525.67,89815.67,,,,O,U,
C00892117,BEYONDROE.COM POLITICAL FUND,OTHER,NON_PARTISAN,0.0,0.0,0.0,0.0,59792.0,0.0,62342.77,59792.0,,,,O,U,
C00823534,COMMUNITIES UNITED,OTHER,DEM,1.0,0.0,200000.0,0.0,70100.0,200000.0,1094520.15,100000.0,,,,O,U,
C00889873,CALIFORNIA COMEBACK FUND,OTHER,DEM,0.9197405592001024,0.0,284734.0,11904.0,0.0,296638.0,181463.22,148322.53,,,,O,U,
C00889907,ELEVEN5,OTHER,BIPARTISAN,0.05165613469612791,0.0,44722.0,49594.0,0.0,94316.0,47385.23,15000.0,,,,O,U,
C00889931,BADGER VALUES,OTHER,BIPARTISAN,0.1809660190213457,0.0,1345908.0,933426.0,1346663.0,2279334.0,1850000.0,1812219.65,,,,O,U,
C00890020,PLANNED PARENTHOOD TEXAS VOTES VICTORY FUND,OTHER,DEM,1.0,0.0,449868.0,0.0,0.0,449868.0,308058.02,142224.42,,,,O,U,
C00890053,FUTURE PENNSYLVANIA PAC,OTHER,BIPARTISAN,0.2881083935245687,0.0,3605588.0,1992680.0,0.0,5598268.0,3731546.96,2799231.41,,,,O,U,
C00890087,DEFEND OUR CONSTITUTION PAC,OTHER,REP,1.0,0.0,0.0,1190000.0,0.0,1190000.0,665000.0,595000.0,,,,O,U,
C00890335,STRATEGIC MAJORITY PAC,OTHER,DEM,1.0,0.0,9113954.0,0.0,0.0,9113954.0,4650000.0,4556977.5,,,,O,U,
C00890392,BUILDING AMERICA,OTHER,DEM,1.0,0.0,852648.0,0.0,155306.0,852648.0,1339833.01,420000.0,,,,O,U,
C00890657,OLD LINE PAC,OTHER,REP,1.0,0.0,0.0,1127390.0,0.0,1127390.0,600000.0,563696.24,,,,O,U,
C00890723,LUCETE LEADERSHIP FUND,OTHER,DEM,1.0,0.0,1741412.0,0.0,0.0,1741412.0,1150495.52,379650.57,,,,O,U,
C00890848,CONTRACT WITH TEXAS,OTHER,REP,1.0,0.0,0.0,10966.0,0.0,10966.0,5483.95,5483.95,,,,O,U,
C00891028,AANHPI RISING TIDE,OTHER,REP,1.0,0.0,0.0,133814.0,0.0,133814.0,108516.51,66907.96,,,,O,U,
C00891044,"2040 PAC, INC.",OTHER,DEM,1.0,0.0,143648.0,0.0,0.0,143648.0,211500.0,71824.67,,,,O,U,
C00891135,SAVE WESTERN CULTURE,OTHER,REP,1.0,0.0,0.0,1899494.0,896828.0,1899494.0,1600000.0,1398194.49,,,,O,U,
C00824821,UNITED BREAST CANCER SUPPORT PAC,OTHER,BIPARTISAN,0.49465558194774345,0.0,60408.0,20424.0,80832.0,80832.0,1335883.51,52045.86,,,,O,U,
C00825091,VOTE ALASKA BEFORE PARTY,OTHER,REP,1.0,0.0,0.0,17153268.0,4025000.0,17153268.0,8677370.0,8576645.98,,,,O,U,
C00825158,OPPORTUNITY MATTERS FUND ACTION,OTHER,REP,1.0,0.0,0.0,940000.0,10837044.0,940000.0,11182494.3,470000.0,,,,O,U,
C00826263,HISPANIC LEADERSHIP ALLIANCE,OTHER,REP,1.0,0.0,0.0,2870440.0,0.0,2870440.0,2744900.0,1430488.95,,,,O,U,
C00826404,LITHUANIAN AMERICANS AND ALLIES FOR DEMOCRACY,OTHER,DEM,1.0,0.0,30256.0,0.0,0.0,30256.0,21704.1,15142.83,,,,O,U,
C00826412,COLORADO UNITED PAC,OTHER,REP,1.0,0.0,0.0,160000.0,0.0,160000.0,80000.0,80000.0,,,,O,U,
C00826743,COLORADO DAWN,OTHER,REP,1.0,0.0,0.0,185098.0,0.0,185098.0,74000.0,72549.0,,,,O,U,
C00826776,"FRONTIERS OF FREEDOM ACTION, INC.",OTHER,DEM,1.0,0.0,504306.0,0.0,0.0,504306.0,335060.0,252153.0,,,,O,U,
C00826800,PROFESSIONAL FIREFIGHTERS FOR ARIZONA,OTHER,DEM,1.0,0.0,82058.0,0.0,0.0,82058.0,50000.0,41030.5,,,,O,U,
C00827600,DEMSMIGHT,OTHER,REP,1.0,0.0,0.0,1830.0,0.0,1830.0,88.0,917.09,,,,O,U,
C00827626,PROTECTING OUR DEMOCRACY,OTHER,DEM,1.0,0.0,78000.0,0.0,0.0,78000.0,49097.0,39000.0,,,,O,U,
C00828178,"GEORGIA SAFE AND STRONG, INC.",OTHER,DEM,1.0,0.0,50000.0,0.0,230000.0,50000.0,740945.09,25000.0,,,,O,U,
C00493262,MONTANA HUNTERS AND ANGLERS LEADERSHIP FUND,OTHER,BIPARTISAN,0.09561994590157924,0.0,1165320.0,961914.0,0.0,2127234.0,1268200.0,1063619.18,,,,O,U,
C00809467,AMERICAN POLICE AND TROOPERS COALITION PAC,OTHER,BIPARTISAN,0.0018408023359146883,0.0,62900.0,63132.0,0.0,126032.0,295775.32,51988.84,,,,O,U,
C00809830,YOUR LOWCOUNTRY NEIGHBORS,OTHER,REP,1.0,0.0,0.0,230000.0,0.0,230000.0,187000.0,115000.0,,,,O,U,
C00528448,UAW EDUCATION FUND,OTHER,DEM,1.0,0.0,1091406.0,0.0,0.0,1091406.0,203034.78,3193.8,,,,O,B,
C00489799,PLANNED PARENTHOOD VOTES,OTHER,BIPARTISAN,0.1314946898477396,0.0,4266594.0,5558548.0,6072812.0,9825142.0,19457685.84,4102970.87,,,,O,U,
C00489815,NEA ADVOCACY FUND,OTHER,DEM,1.0,0.0,809902.0,0.0,15545000.0,809902.0,27882448.07,373597.96,,,,O,B,
C00489856,ESAFUND,OTHER,BIPARTISAN,0.4305250737843798,0.0,4877514.0,1941680.0,9019628.0,6819194.0,11751817.37,6044420.93,,,,O,U,
C00544387,AMERICAN PRINCIPLES PROJECT PAC,OTHER,BIPARTISAN,0.6316528930411868,0.0,2922200.0,12944356.0,0.0,15866556.0,12809426.66,7933282.25,,,,O,U,
C00541433,HUNTER ACTION FUND (HAF),OTHER,REP,1.0,0.0,0.0,813654.0,0.0,813654.0,608755.0,297920.66,,,,O,B,
C00625533,NEW AMERICAN JOBS FUND,OTHER,DEM,1.0,0.0,8799548.0,0.0,2070000.0,8799548.0,3551435.61,3547486.76,,,,O,U,
C00625566,VALOR AMERICA,OTHER,DEM,1.0,0.0,138000.0,0.0,0.0,138000.0,1230704.33,69000.0,,,,O,U,
C00628008,GOLDEN STATE LEADERSHIP FUND PAC,OTHER,DEM,1.0,0.0,797998.0,0.0,0.0,797998.0,826225.13,399000.0,,,,O,U,
C00661264,CTC ACTION,OTHER,REP,1.0,0.0,0.0,24750.0,0.0,24750.0,249778.38,12375.0,,,,O,U,
C00608943,"CLEARPATH ACTION FUND, INC.",OTHER,REP,1.0,0.0,0.0,2646936.0,100600.0,2646936.0,1766009.0,1323483.26,,,,O,U,
C00571703,SENATE LEADERSHIP FUND,OTHER,DEM,0.8972621614541872,0.0,394451244.0,21359762.0,73811818.0,415811006.0,298859706.6,211093032.88,,,,O,U,
C00668517,BLACK AMERICANS MAKING AMERICA FIRST,OTHER,BIPARTISAN,0.705631067961165,0.0,6064.0,35136.0,0.0,41200.0,454597.7,20600.0,,,,O,U,
C00668905,AMERICAN PATRIOTS PAC,OTHER,BIPARTISAN,0.48192000886573194,0.0,3048034.0,8718620.0,4419313.0,11766654.0,9696146.81,7563135.98,,,,O,U,
C00611202,FREEDOM FOR ALL PAC,OTHER,REP,1.0,0.0,0.0,36134.0,0.0,36134.0,74605.29,18068.96,,,,O,U,
C00574178,RIGHT TO LIFE OF MICHIGAN VICTORY FUND,OTHER,BIPARTISAN,0.6654160342445896,0.0,195310.0,39238.0,220.0,234548.0,117600.0,117441.91,,,,O,U,
C00635243,STARS AND STRIPES FOREVER PAC,OTHER,DEM,1.0,0.0,3234.0,0.0,0.0,3234.0,129498.45,1617.47,,,,O,U,
C00666388,DUTY AND COUNTRY,OTHER,BIPARTISAN,0.5835385252466643,0.0,1679510.0,6386110.0,0.0,8065620.0,4050244.32,4032811.36,,,,O,U,
C00888768,THE FIGHT FOR MICHIGAN 1 PAC,OTHER,DEM,1.0,0.0,24000.0,0.0,0.0,24000.0,17524.0,12000.0,,,,O,U,
C00888792,PATRIOT LEADERSHIP FUND,OTHER,REP,1.0,0.0,0.0,27262.0,0.0,27262.0,25067.76,13631.49,,,,O,U,
C00888867,LATINOS FOR CONSERVATIVE VALUES,OTHER,REP,1.0,0.0,0.0,350.0,0.0,350.0,175030.0,175.61,,,,O,U,
C00888909,WESTERN NATIVE VOICE VOTES,OTHER,BIPARTISAN,0.20294684975458835,0.0,166938.0,251950.0,0.0,418888.0,1055000.0,209449.43,,,,O,U,
C00888966,PHYSICIAN VOICES UNITED,OTHER,DEM,1.0,0.0,224754.0,0.0,0.0,224754.0,150000.0,112379.2,,,,O,U,
C00889188,COMMON SENSE MARYLAND,OTHER,BIPARTISAN,0.675122044606107,0.0,108608.0,560000.0,0.0,668608.0,191680.7,184752.38,,,,O,U,
C00889196,SAVE CENTRAL NEW YORK PAC,OTHER,BIPARTISAN,0.0,0.0,40000.0,40000.0,4167.0,80000.0,88501.0,40000.0,,,,O,U,
C00889220,INCLUSION PAC,OTHER,DEM,1.0,0.0,655964.0,0.0,0.0,655964.0,357500.0,327987.07,,,,O,U,
C00889246,ROOSEVELT SOCIETY ACTION,OTHER,BIPARTISAN,0.562632505801873,0.0,165656.0,591858.0,0.0,757514.0,390000.0,378763.99,,,,O,U,
C00889261,NATIONAL SECURITY LEADERS FOR AMERICA PAC,OTHER,BIPARTISAN,0.0,0.0,5000.0,5000.0,0.0,10000.0,5000.0,5000.0,,,,O,U,
C00889279,SHOMER,OTHER,DEM,1.0,0.0,624864.0,0.0,0.0,624864.0,366424.0,311433.79,,,,O,U,
C00889287,COLUMBIA NEIGHBORS PAC,OTHER,REP,1.0,0.0,0.0,144558.0,52000.0,144558.0,153775.0,72279.08,,,,O,U,
C00889535,DEFENDING NC PAC,OTHER,REP,1.0,0.0,0.0,179702.0,0.0,179702.0,106600.0,89851.0,,,,O,U,
C00889584,COMMON SENSE FOR PA,OTHER,DEM,1.0,0.0,250244.0,0.0,0.0,250244.0,145000.0,125122.0,,,,O,U,
C00623421,AMERICAN LIBERTY FUND,OTHER,REP,1.0,0.0,0.0,68000.0,0.0,68000.0,274080.69,34000.0,,,,O,U,
C00624817,EARN INTERNATIONAL UNION OF OPERATING ENGINEERS,OTHER,DEM,1.0,0.0,1198216.0,0.0,9752554.0,1198216.0,11045888.71,713724.23,,,,O,B,
C00624890,THE PEOPLE'S CAMPAIGN,OTHER,REP,1.0,0.0,0.0,114520.0,0.0,114520.0,100141.16,57260.63,,,,O,U,
C00494021,CATHOLICVOTE.ORG CANDIDATE FUND,OTHER,BIPARTISAN,0.18386099967472622,0.0,1048200.0,722616.0,60000.0,1770816.0,1756169.48,805408.36,,,,O,U,
